[
    {
        "fields": {
            "created": "2008-10-28 18:25:09",
            "guid": "{a23983c0-fd0e-11dc-95ff-0800200c9a66}",
            "modified": "2008-10-28 18:25:09"
        },
        "model": "applications.application",
        "pk": 60
    },
    {
        "fields": {
            "created": "2007-03-22 20:51:22",
            "id": 39111,
            "locale": "en-US",
            "localized_string": "Extensions are small add-ons that add new functionality to %1$s, from a simple toolbar button to a completely new feature. They allow you to customize %1$s to fit your own needs and preferences, while letting us keep %1$s itself light and lean.",
            "modified": "2007-03-26 20:06:20"
        },
        "model": "translations.translation",
        "pk": 67984
    },
    {
        "fields": {
            "created": "2007-03-22 21:16:47",
            "id": 39112,
            "locale": "en-US",
            "localized_string": "Extensions",
            "modified": "2007-03-26 20:06:20"
        },
        "model": "translations.translation",
        "pk": 68015
    },
    {
        "fields": {
            "created": "2007-03-22 20:51:22",
            "id": 39109,
            "locale": "en-US",
            "localized_string": "Extension",
            "modified": "2007-03-26 20:06:20"
        },
        "model": "translations.translation",
        "pk": 67951
    },
    {
        "fields": {
            "created": "2006-08-22 23:53:19",
            "description": 39111,
            "modified": "2009-02-06 08:42:28",
            "name": 39109,
            "name_plural": 39112
        },
        "model": "addons.addontype",
        "pk": 1
    },
    {
        "fields": {
            "created": "2006-08-22 23:53:19",
            "modified": "2009-02-06 08:42:28"
        },
        "model": "addons.addontype",
        "pk": 9
    },
    {
        "fields": {
            "created": "2007-03-05 13:09:26",
            "guid": "{ec8030f7-c20a-464f-9b0e-13a3a9e97384}",
            "modified": "2008-11-03 15:34:59"
        },
        "model": "applications.application",
        "pk": 1
    },
    {
        "fields": {
            "created": "2007-03-05 16:06:55",
            "id": 37940,
            "locale": "en-US",
            "localized_string": "These tools notify you about or help you work with various types of data found on web pages.",
            "modified": "2007-10-12 17:02:23"
        },
        "model": "translations.translation",
        "pk": 58459
    },
    {
        "fields": {
            "created": "2007-03-05 16:06:55",
            "id": 37939,
            "locale": "en-US",
            "localized_string": "Alerts & Updates",
            "modified": "2007-10-12 17:02:23"
        },
        "model": "translations.translation",
        "pk": 58426
    },
    {
        "fields": {
            "created": "2006-08-21 23:53:19",
            "guid": "{3550f703-e582-4d05-9a08-453d09bdfdc6}"
        },
        "model": "applications.application",
        "pk": 18
    },
    {
        "fields": {
            "created": "2001-01-01 13:14:15",
            "id": 36151,
            "locale": "en-US",
            "localized_string": "Best Addon Evar"
        },
        "model": "translations.translation",
        "pk": 36151
    },
    {
        "fields": {
            "created": "2001-01-01 13:14:15",
            "id": 1,
            "locale": "en-US",
            "localized_string": "ALL"
        },
        "model": "translations.translation",
        "pk": 1
    },
    {
        "fields": {
            "created": "2007-03-05 13:10:42",
            "id": 15000,
            "locale": "en-US",
            "localized_string": "Delicious Bookmarks",
            "modified": "2009-03-26 07:41:10"
        },
        "model": "translations.translation",
        "pk": 15000
    },
    {
        "fields": {
            "created": "2007-03-05 13:10:42",
            "id": 15002,
            "locale": "en-US",
            "localized_string": "Delicious blah blah blah",
            "modified": "2009-04-29 11:20:57"
        },
        "model": "translations.translation",
        "pk": 29034
    },
    {
        "fields": {
            "created": "2007-03-05 13:09:27",
            "icontype": "",
            "modified": "2008-04-07 08:16:55"
        },
        "model": "files.platform",
        "pk": 1
    },
    {
        "fields": {
            "created": "2006-08-21 23:53:24",
            "modified": "2009-02-06 08:42:28"
        },
        "model": "addons.addontype",
        "pk": 2
    },
    {
        "fields": {
            "averagerating": "3.11",
            "confirmationcode": "",
            "created": "2007-03-05 13:09:56",
            "deleted": 0,
            "display_collections": 0,
            "display_collections_fav": 0,
            "email": "dd+0cb167b9@davedash.com",
            "emailhidden": 1,
            "firstname": "Carl",
            "homepage": "http://www.yahoo.com/",
            "lastname": "Yahoo!, Jr.",
            "location": "",
            "modified": "2007-07-21 11:45:47",
            "nickname": "carlsjr",
            "notifycompat": 1,
            "notifyevents": 1,
            "occupation": "",
            "password": "sha512$61ba34cb04c185f51ca6b5c3132bfbf5b4d6b16c329ff076039c597c0d14912f$9b461aca85bcbc326c0555c3165ff526eabdce82a49c7408bbb71121d3d9d48499c952b96dc520cb4accbca0df0cd1d17756873d08e488a9a144aaf34cb78bf1",
            "picture_type": "",
            "resetcode": "",
            "sandboxshown": 1
        },
        "model": "users.userprofile",
        "pk": 55021
    },
    {
        "fields": {
            "admin_review": 0,
            "annoying": 0,
            "average_daily_downloads": 5928,
            "average_daily_users": 493241,
            "average_rating": "3.02",
            "bayesian_rating": 3.06941,
            "binary": 0,
            "created": "2006-10-23 12:57:41",
            "default_locale": "en-US",
            "description": 15002,
            "dev_agreement": 1,
            "external_software": 0,
            "guid": "{2fa4ed95-0317-4c6a-a74c-5f3e3912c1f9}",
            "highest_status": 4,
            "icon_type": "image/png",
            "inactive": 0,
            "last_updated": "2009-10-21 09:58:52",
            "modified": "2009-10-21 09:58:52",
            "name": 15000,
            "nomination_date": "2009-03-26 07:41:12",
            "paypal_id": "",
            "prerelease": 0,
            "public_stats": 0,
            "share_count": 5,
            "show_beta": 1,
            "site_specific": 1,
            "status": 4,
            "summary": 36151,
            "total_downloads": 5175276,
            "total_reviews": 389,
            "trusted": 1,
            "type": 1,
            "view_source": 0,
            "wants_contributions": 0,
            "weekly_downloads": 20178
        },
        "model": "addons.addon",
        "pk": 3615
    },
    {
        "fields": {
            "addon": 3615,
            "approvalnotes": "",
            "created": "2006-10-23 12:57:41",
            "license": null,
            "modified": "2006-10-23 19:22:18",
            "version": "1.0.43"
        },
        "model": "versions.version",
        "pk": 24007
    },
    {
        "fields": {
            "addon": 3615,
            "approvalnotes": "",
            "created": "2006-10-24 12:00:00",
            "modified": "2006-10-24 12:00:01",
            "version": "1.2"
        },
        "model": "versions.version",
        "pk": 1
    },
    {
        "fields": {
            "addon": 3615,
            "created": "2006-08-21 23:53:19"
        },
        "model": "versions.version",
        "pk": 2
    },
    {
        "fields": {
            "application": 1,
            "created": "2006-08-21 23:53:19",
            "version": "1",
            "version_int": 1
        },
        "model": "applications.appversion",
        "pk": 200
    },
    {
        "fields": {
            "application": 1,
            "created": "2006-08-21 23:53:19",
            "version": "2",
            "version_int": 2
        },
        "model": "applications.appversion",
        "pk": 201
    },
    {
        "fields": {
            "application": 18,
            "created": "2006-08-21 23:53:19",
            "version": "1",
            "version_int": 1
        },
        "model": "applications.appversion",
        "pk": 202
    },
    {
        "fields": {
            "application": 18,
            "created": "2006-08-21 23:53:19",
            "version": "2",
            "version_int": 2
        },
        "model": "applications.appversion",
        "pk": 203
    },
    {
        "fields": {
            "application": 1,
            "max": 201,
            "min": 200,
            "version": 24007
        },
        "model": "versions.applicationsversions",
        "pk": 240071
    },
    {
        "fields": {
            "application": 1,
            "max": 201,
            "min": 200,
            "version": 2
        },
        "model": "versions.applicationsversions",
        "pk": 20
    },
    {
        "fields": {
            "application": 18,
            "max": 203,
            "min": 202,
            "version": 2
        },
        "model": "versions.applicationsversions",
        "pk": 21
    },
    {
        "fields": {
            "codereview": 0,
            "created": "2007-03-05 13:19:15",
            "filename": "del.icio.us_bookmarks-1.0.43-fx.xpi",
            "hash": "sha256:5b5aaf7b38e332cc95d92ba759c01c3076b53a840f6c16e01dc272eefcb29566",
            "modified": "2007-04-04 12:30:11",
            "platform": 1,
            "size": 169,
            "status": 4,
            "version": 24007
        },
        "model": "files.file",
        "pk": 11993
    },
    {
        "fields": {
            "codereview": 0,
            "created": "2007-03-05 13:19:15",
            "datestatuschanged": null,
            "filename": "del.icio.us_bookmarks-1.2-fx.xpi",
            "hash": "sha256:5b5aaf7b38e332cc95d92ba759c01c3076b53a840f6c16e01dc272eefcb29566",
            "modified": "2007-04-04 12:30:11",
            "platform": 1,
            "size": 169,
            "status": 1,
            "version": 1
        },
        "model": "files.file",
        "pk": 1
    },
    {
        "fields": {
            "created": "2007-03-05 13:10:42",
            "id": 129780,
            "locale": "en-US",
            "localized_string": "macos theme",
            "modified": "2009-03-26 07:41:10"
        },
        "model": "translations.translation",
        "pk": 129780
    },
    {
        "fields": {
            "admin_review": 0,
            "annoying": 0,
            "average_daily_downloads": 1325,
            "average_daily_users": 66334,
            "average_rating": "4.56",
            "bayesian_rating": 4.5321899999999999,
            "binary": 0,
            "created": "2008-05-01 00:59:36",
            "default_locale": "en-US",
            "dev_agreement": 1,
            "external_software": 0,
            "guid": "{00352F14-3F76-4e4d-ACFF-9976D7E4B3B9}",
            "highest_status": 4,
            "inactive": 0,
            "last_updated": "2009-09-22 01:49:51",
            "modified": "2009-09-22 01:49:51",
            "name": 129780,
            "nomination_date": "2009-03-21 09:17:07",
            "paypal_id": "",
            "prerelease": 0,
            "public_stats": 1,
            "share_count": 2,
            "show_beta": 1,
            "site_specific": 0,
            "status": 4,
            "total_downloads": 751302,
            "total_reviews": 346,
            "trusted": 0,
            "type": 2,
            "view_source": 0,
            "wants_contributions": 0,
            "weekly_downloads": 7523
        },
        "model": "addons.addon",
        "pk": 7172
    },
    {
        "fields": {
            "addon": 7172,
            "created": "2006-08-21 23:53:19"
        },
        "model": "versions.version",
        "pk": 7172
    },
    {
        "fields": {
            "application": 1,
            "max": 201,
            "min": 200,
            "version": 7172
        },
        "model": "versions.applicationsversions",
        "pk": 7172
    },
    {
        "fields": {
            "codereview": 0,
            "created": "2007-03-05 13:19:15",
            "datestatuschanged": null,
            "filename": "del.icio.us_bookmarks-1.2-fx.xpi",
            "hash": "sha256:5b5aaf7b38e332cc95d92ba759c01c3076b53a840f6c16e01dc272eefcb29566",
            "modified": "2007-04-04 12:30:11",
            "platform": 1,
            "size": 169,
            "status": 4,
            "version": 7172
        },
        "model": "files.file",
        "pk": 7172
    },
    {
        "fields": {
            "created": "2001-01-01 13:14:15",
            "id": 73,
            "locale": "en-US",
            "localized_string": "z addon seventy-three"
        },
        "model": "translations.translation",
        "pk": 73
    },
    {
        "fields": {
            "bayesian_rating": 0.80000000000000004,
            "created": "2006-08-21 23:53:19",
            "last_updated": "2008-08-21 23:53:19",
            "modified": "2006-08-21 23:53:19",
            "name": 73,
            "status": 4,
            "type": 1,
            "weekly_downloads": 23523
        },
        "model": "addons.addon",
        "pk": 73
    },
    {
        "fields": {
            "addon": 73,
            "created": "2006-08-21 23:53:19"
        },
        "model": "versions.version",
        "pk": 73
    },
    {
        "fields": {
            "application": 1,
            "max": 201,
            "min": 200,
            "version": 73
        },
        "model": "versions.applicationsversions",
        "pk": 73
    },
    {
        "fields": {
            "codereview": 0,
            "created": "2007-03-05 13:19:15",
            "datestatuschanged": null,
            "filename": "del.icio.us_bookmarks-1.2-fx.xpi",
            "hash": "sha256:5b5aaf7b38e332cc95d92ba759c01c3076b53a840f6c16e01dc272eefcb29566",
            "modified": "2007-04-04 12:30:11",
            "platform": 1,
            "size": 169,
            "status": 4,
            "version": 73
        },
        "model": "files.file",
        "pk": 73
    },
    {
        "fields": {
            "created": "2001-01-01 13:14:15",
            "id": 55,
            "locale": "en-US",
            "localized_string": "addon fifty-five"
        },
        "model": "translations.translation",
        "pk": 55
    },
    {
        "fields": {
            "bayesian_rating": 1.0,
            "created": "2006-08-21 23:53:19",
            "last_updated": "2006-08-21 23:53:19",
            "modified": "2006-08-21 23:53:19",
            "name": 55,
            "status": 1,
            "type": 1,
            "weekly_downloads": 3865386
        },
        "model": "addons.addon",
        "pk": 55
    },
    {
        "fields": {
            "addon": 55,
            "created": "2006-08-21 23:53:19"
        },
        "model": "versions.version",
        "pk": 55
    },
    {
        "fields": {
            "application": 1,
            "max": 201,
            "min": 200,
            "version": 55
        },
        "model": "versions.applicationsversions",
        "pk": 55
    },
    {
        "fields": {
            "codereview": 0,
            "created": "2007-03-05 13:19:15",
            "datestatuschanged": null,
            "filename": "del.icio.us_bookmarks-1.2-fx.xpi",
            "hash": "sha256:5b5aaf7b38e332cc95d92ba759c01c3076b53a840f6c16e01dc272eefcb29566",
            "modified": "2007-04-04 12:30:11",
            "platform": 1,
            "size": 169,
            "status": 1,
            "version": 55
        },
        "model": "files.file",
        "pk": 55
    },
    {
        "fields": {
            "addon": 7172,
            "caption": null,
            "created": "2008-09-15 01:30:44",
            "filetype": "image/png",
            "highlight": 0,
            "modified": "2008-09-15 01:30:44",
            "thumbtype": "image/png"
        },
        "model": "addons.preview",
        "pk": 25981
    },
    {
        "fields": {
            "date_joined": "2009-02-02 11:50:31",
            "email": "admin@mozilla.com",
            "first_name": "Jeff",
            "groups": [],
            "is_active": 1,
            "is_staff": 1,
            "is_superuser": 1,
            "last_login": "2010-01-13 17:17:23",
            "last_name": "Balogh",
            "password": "sha512$7b5436061f8c0902088c292c057be69fdb17312e2f71607c9c51641f5d876522$08d1d370d89e2ae92755fd03464a7276ca607c431d04a52d659f7a184f3f9918073637d82fc88981c7099c7c46a1137b9fdeb675304eb98801038905a9ee0600",
            "user_permissions": [],
            "username": "admin"
        },
        "model": "auth.user",
        "pk": 4043307
    },
    {
        "fields": {
            "averagerating": "",
            "bio": null,
            "confirmationcode": "",
            "created": "2009-02-02 11:50:31",
            "deleted": 0,
            "display_collections": 1,
            "display_collections_fav": 1,
            "email": "admin@mozilla.com",
            "emailhidden": 0,
            "firstname": "Jeff",
            "homepage": "http://jeffbalogh.org",
            "lastname": "Balogh",
            "location": "",
            "modified": "2010-01-12 17:01:41",
            "nickname": "admin",
            "notes": "",
            "notifycompat": 1,
            "notifyevents": 1,
            "occupation": "",
            "password": "sha512$7b5436061f8c0902088c292c057be69fdb17312e2f71607c9c51641f5d876522$08d1d370d89e2ae92755fd03464a7276ca607c431d04a52d659f7a184f3f9918073637d82fc88981c7099c7c46a1137b9fdeb675304eb98801038905a9ee0600",
            "picture_type": "",
            "resetcode": "",
            "resetcode_expires": "2010-01-12 15:28:07",
            "sandboxshown": 1,
            "user": 4043307
        },
        "model": "users.userprofile",
        "pk": 4043307
    },
    {
        "fields": {
            "addon": 3615,
            "listed": 1,
            "position": 0,
            "role": 5,
            "user": 55021
        },
        "model": "addons.addonuser",
        "pk": 2808
    },
    {
        "fields": {
            "created": "2007-03-05 13:10:30",
            "id": 7998,
            "locale": "en-US",
            "localized_string": "If you have any problems, please read the FireBug FAQ.\r\n\r\nhttp://getfirebug.com/faq.html\r\n",
            "modified": null
        },
        "model": "translations.translation",
        "pk": 15795
    },
    {
        "fields": {
            "created": "2007-03-05 13:10:30",
            "id": 7999,
            "locale": "en-US",
            "localized_string": "Firebug integrates with Firefox to put a wealth of development tools at your fingertips while you browse. You can edit, debug, and monitor CSS, HTML, and JavaScript live in any web page...\r\n\r\nFirebug 1.4 requires Firefox 3.0 or higher.",
            "modified": "2009-07-27 18:55:31"
        },
        "model": "translations.translation",
        "pk": 15796
    },
    {
        "fields": {
            "created": "2007-03-05 13:10:30",
            "id": 7997,
            "locale": "en-US",
            "localized_string": "Firebug integrates with Firefox to put a wealth of development tools at your fingertips while you browse. You can edit, debug, and monitor CSS, HTML, and JavaScript live in any web page.\r\n\r\nVisit the Firebug website for documentation, screen shots, and discussion forums: http://getfirebug.com\r\n",
            "modified": "2009-02-05 08:24:24"
        },
        "model": "translations.translation",
        "pk": 15793
    },
    {
        "fields": {
            "created": "2008-06-13 15:22:33",
            "id": 153024,
            "locale": "en-US",
            "localized_string": "http://groups.google.com/group/firebug/topics",
            "modified": "2009-02-05 08:24:24"
        },
        "model": "translations.translation",
        "pk": 189874
    },
    {
        "fields": {
            "created": "2007-03-05 13:10:30",
            "id": 7996,
            "locale": "en-US",
            "localized_string": "http://getfirebug.com/",
            "modified": "2009-02-05 08:24:24"
        },
        "model": "translations.translation",
        "pk": 15791
    },
    {
        "fields": {
            "created": "2007-03-05 13:10:30",
            "id": 7995,
            "locale": "en-US",
            "localized_string": "Firebug",
            "modified": "2009-02-05 08:24:24"
        },
        "model": "translations.translation",
        "pk": 15789
    },
    {
        "fields": {
            "created": "2007-03-05 13:09:27",
            "id": 1134,
            "locale": "en-US",
            "localized_string": "ALL",
            "modified": null
        },
        "model": "translations.translation",
        "pk": 3783
    },
    {
        "fields": {
            "created": "2007-03-05 13:09:27",
            "id": 1133,
            "locale": "en-US",
            "localized_string": "ALL",
            "modified": null
        },
        "model": "translations.translation",
        "pk": 3771
    },
    {
        "fields": {
            "created": "2009-11-05 05:17:30",
            "id": 668076,
            "locale": "en-US",
            "localized_string": "this is a minor release to fix a bug found in Firebug 1.4.4.",
            "modified": null
        },
        "model": "translations.translation",
        "pk": 716508
    },
    {
        "fields": {
            "admin_review": 0,
            "annoying": 0,
            "average_daily_downloads": 22567,
            "average_daily_users": 1749103,
            "average_rating": "4.50",
            "bayesian_rating": 4.4879600000000002,
            "binary": 0,
            "created": "2006-01-12 00:27:30",
            "default_locale": "en-US",
            "description": 7997,
            "dev_agreement": 1,
            "external_software": 0,
            "guid": "firebug@software.joehewitt.com",
            "highest_status": 4,
            "homepage": 7996,
            "icon_type": "image/png",
            "inactive": 0,
            "last_updated": "2009-02-05 15:24:24",
            "modified": "2009-11-05 05:16:21",
            "name": 7995,
            "nomination_date": "2009-02-05 15:24:24",
            "paypal_id": "",
            "prerelease": 0,
            "public_stats": 1,
            "share_count": 9,
            "show_beta": 1,
            "site_specific": 0,
            "status": 4,
            "summary": 7999,
            "support_url": 153024,
            "target_locale": "en-US",
            "total_downloads": 19701236,
            "total_reviews": 727,
            "trusted": 1,
            "type": 1,
            "view_source": 1,
            "wants_contributions": 0,
            "weekly_downloads": 215005
        },
        "model": "addons.addon",
        "pk": 1843
    },
    {
        "fields": {
            "addon": 1843,
            "approvalnotes": "",
            "created": "2009-11-05 05:16:21",
            "license": null,
            "modified": "2009-11-05 05:17:31",
            "version": "1.4.5"
        },
        "model": "versions.version",
        "pk": 83167
    },
    {
        "fields": {
            "codereview": 0,
            "created": "2009-11-05 05:16:25",
            "datestatuschanged": "2009-11-05 05:15:45",
            "filename": "firebug-1.4.5-fx.xpi",
            "hash": "sha256:bb3e7f79295d83c7f2d7c9e3095e818b9ed57805142e6af8624a2ae1f4dc26b1",
            "modified": "2009-11-05 05:17:31",
            "platform": 1,
            "size": 679,
            "status": 4,
            "version": 83167
        },
        "model": "files.file",
        "pk": 68916
    },
    {
        "fields": {
            "application": 1,
            "created": "2001-01-01 13:14:15",
            "modified": "2001-01-01 13:14:15",
            "version": "3.6.*",
            "version_int": 3069900200100
        },
        "model": "applications.appversion",
        "pk": 291
    },
    {
        "fields": {
            "application": 1,
            "created": "2001-01-01 13:14:15",
            "modified": "2001-01-01 13:14:15",
            "version": "3.0",
            "version_int": 3000000200100
        },
        "model": "applications.appversion",
        "pk": 233
    },
    {
        "fields": {
            "application": 1,
            "max": 291,
            "min": 233,
            "version": 83167
        },
        "model": "versions.applicationsversions",
        "pk": 49381
    },
    {
        "fields": {
            "created": "2007-03-05 13:08:05",
            "id": 149,
            "locale": "en-US",
            "localized_string": "Themes are like new clothes for your %1$s. A theme can change only a few colors, or every piece of %1$s's appearance. It's another great way to personalize %1$s to your tastes.",
            "modified": "2007-03-25 17:17:19"
        },
        "model": "translations.translation",
        "pk": 366
    },
    {
        "fields": {
            "created": "2007-03-05 13:08:05",
            "id": 143,
            "locale": "en-US",
            "localized_string": "Themes",
            "modified": "2007-03-25 17:17:19"
        },
        "model": "translations.translation",
        "pk": 192
    },
    {
        "fields": {
            "created": "2007-03-05 13:08:05",
            "id": 2,
            "locale": "en-US",
            "localized_string": "Theme",
            "modified": "2007-03-25 17:17:19"
        },
        "model": "translations.translation",
        "pk": 17
    },
    {
        "fields": {
            "created": "2008-03-10 14:31:39",
            "id": 104239,
            "locale": "en-US",
            "localized_string": "Designed to fit well in the Mac OS X environment.",
            "modified": "2008-08-08 17:22:35"
        },
        "model": "translations.translation",
        "pk": 139618
    },
    {
        "fields": {
            "created": "2008-03-10 14:31:39",
            "id": 104236,
            "locale": "en-US",
            "localized_string": "The theme is equally available on: http://www.takebacktheweb.org/\r\nand there as well with some customizing hints. ",
            "modified": "2008-08-08 17:22:35"
        },
        "model": "translations.translation",
        "pk": 139615
    },
    {
        "fields": {
            "created": "2008-03-10 14:31:39",
            "id": 104237,
            "locale": "en-US",
            "localized_string": "http://www.takebacktheweb.org/",
            "modified": "2008-08-08 17:22:35"
        },
        "model": "translations.translation",
        "pk": 139616
    },
    {
        "fields": {
            "created": "2008-03-10 14:31:39",
            "id": 104238,
            "locale": "en-US",
            "localized_string": "GrApple Yummy",
            "modified": "2009-06-24 14:56:43"
        },
        "model": "translations.translation",
        "pk": 139617
    },
    {
        "fields": {
            "created": "2007-03-05 13:09:27",
            "id": 1140,
            "locale": "en-US",
            "localized_string": "macosx",
            "modified": "2007-03-22 13:57:06"
        },
        "model": "translations.translation",
        "pk": 3861
    },
    {
        "fields": {
            "created": "2007-03-05 13:09:27",
            "id": 1139,
            "locale": "en-US",
            "localized_string": "MacOSX",
            "modified": "2007-03-22 13:57:06"
        },
        "model": "translations.translation",
        "pk": 3847
    },
    {
        "fields": {
            "_custom_text": null,
            "created": "2009-04-30 22:29:53",
            "modified": "2009-04-30 22:29:53"
        },
        "model": "versions.license",
        "pk": 5
    },
    {
        "fields": {
            "admin_review": 0,
            "annoying": 0,
            "average_daily_downloads": 141,
            "average_daily_users": 14497,
            "average_rating": "4.77",
            "bayesian_rating": 4.45695,
            "binary": 0,
            "created": "2008-03-10 14:30:42",
            "default_locale": "en-US",
            "description": 104236,
            "dev_agreement": 1,
            "external_software": 0,
            "guid": "{b1fad17a-3b98-c743-ed56-85c722d622d3}",
            "highest_status": 4,
            "homepage": 104237,
            "icon_type": "image/png",
            "inactive": 0,
            "last_updated": "2009-02-06 15:24:24",
            "modified": "2009-08-08 10:28:58",
            "name": 104238,
            "nomination_date": "2008-08-08 17:22:37",
            "paypal_id": "",
            "prerelease": 0,
            "public_stats": 0,
            "share_count": 0,
            "show_beta": 1,
            "site_specific": 0,
            "status": 4,
            "summary": 104239,
            "total_downloads": 87385,
            "total_reviews": 26,
            "trusted": 0,
            "type": 2,
            "view_source": 0,
            "wants_contributions": 0,
            "weekly_downloads": 278
        },
        "model": "addons.addon",
        "pk": 6704
    },
    {
        "fields": {
            "addon": 6704,
            "created": "2009-08-08 10:28:59",
            "license": 5,
            "modified": "2009-08-08 10:28:59",
            "version": "2.0.5"
        },
        "model": "versions.version",
        "pk": 75631
    },
    {
        "fields": {
            "created": "2007-03-05 13:09:27",
            "icontype": "",
            "modified": "2008-04-07 08:16:55"
        },
        "model": "files.platform",
        "pk": 3
    },
    {
        "fields": {
            "codereview": 0,
            "created": "2009-08-08 10:28:59",
            "datestatuschanged": "2009-08-23 03:16:29",
            "filename": "grapple_yummy-2.0.5-fx-macosx.jar",
            "hash": "sha256:e4edbfc91c78aba76241ecba854199129e9bd6bedbaee1ca49d3de74c48b6a8e",
            "modified": "2009-08-23 03:16:29",
            "platform": 3,
            "size": 568,
            "status": 4,
            "version": 75631
        },
        "model": "files.file",
        "pk": 61321
    },
    {
        "fields": {
            "application": 1,
            "version": "3.6b1pre",
            "version_int": 3060000101000
        },
        "model": "applications.appversion",
        "pk": 279
    },
    {
        "fields": {
            "application": 1,
            "version": "3.5",
            "version_int": 3050000200100
        },
        "model": "applications.appversion",
        "pk": 268
    },
    {
        "fields": {
            "application": 1,
            "max": 279,
            "min": 268,
            "version": 75631
        },
        "model": "versions.applicationsversions",
        "pk": 45085
    },
    {
        "fields": {
            "created": "2009-08-29 22:53:13",
            "id": 539995,
            "locale": "en-US",
            "localized_string": "JSONView is a simple extension with a simple purpose and I'd like to keep it that way. That said, there are a few things I'd like to see added to it, chief among which is JSON-P support. You can follow the full list of proposed enhancements at http://code.google.com/p/jsonview/issues/list .",
            "modified": null
        },
        "model": "translations.translation",
        "pk": 583117
    },
    {
        "fields": {
            "created": "2009-08-29 22:53:12",
            "id": 539994,
            "locale": "en-US",
            "localized_string": "I developed JSONView because I like JSON better than XML, but developing RESTful web services with XML was easier to debug because you could just view the output in a browser, while JSON caused Firefox to just throw up a download dialog. So I set out to make JSON viewing in Firefox as nice as, or better, than the default XML view.",
            "modified": null
        },
        "model": "translations.translation",
        "pk": 583116
    },
    {
        "fields": {
            "created": "2009-02-23 23:51:23",
            "id": 332049,
            "locale": "en-US",
            "localized_string": "Known bugs:\r\n* \"Save as...\" saves HTML instead of the original JSON document.\r\n* \"Page Info\" panel reports content as HTML instead of JSON.\r\n* Copying and pasting from the formatted JSON does not copy the original document.",
            "modified": "2009-03-15 18:10:38"
        },
        "model": "translations.translation",
        "pk": 369697
    },
    {
        "fields": {
            "created": "2009-02-23 23:47:34",
            "id": 332039,
            "locale": "en-US",
            "localized_string": "View JSON documents in the browser.",
            "modified": "2009-03-01 15:27:06"
        },
        "model": "translations.translation",
        "pk": 369665
    },
    {
        "fields": {
            "created": "2009-02-23 23:51:23",
            "id": 332048,
            "locale": "en-US",
            "localized_string": "Normally when encountering a JSON document (content type \"application/json\"), Firefox simply prompts you to download the file. With the JSONView extension, JSON documents are shown in the browser similar to how XML documents are shown. The document is formatted, highlighted, and arrays and objects can be collapsed.  Even if the JSON document contains errors, JSONView will still show the raw text.\r\nOnce you've got JSONView installed, check out http://brh.numbera.com/software/jsonview/example.json to see the extension in action!",
            "modified": "2009-03-27 21:19:44"
        },
        "model": "translations.translation",
        "pk": 369685
    },
    {
        "fields": {
            "created": "2009-02-24 00:49:25",
            "id": 332078,
            "locale": "en-US",
            "localized_string": "http://code.google.com/p/jsonview/issues",
            "modified": "2009-03-01 15:27:06"
        },
        "model": "translations.translation",
        "pk": 369734
    },
    {
        "fields": {
            "created": "2009-02-23 23:47:33",
            "id": 332037,
            "locale": "en-US",
            "localized_string": "http://brh.numbera.com/software/jsonview/",
            "modified": "2009-03-01 15:27:06"
        },
        "model": "translations.translation",
        "pk": 369660
    },
    {
        "fields": {
            "created": "2009-02-23 23:47:34",
            "id": 332038,
            "locale": "en-US",
            "localized_string": "JSONView",
            "modified": "2009-03-01 15:27:06"
        },
        "model": "translations.translation",
        "pk": 369661
    },
    {
        "fields": {
            "created": "2009-10-07 23:26:00",
            "id": 577660,
            "locale": "en-US",
            "localized_string": "* Preference dialog with an option to send \"application/json\" in the HTTP Accept header.\r\n* Fixed a bug where values that were 0 or false would not show up.\r\n* Fixed a bug where documents would sometimes show up as invalid when Firebug was enabled\r\n* Bumped compatibility for 3.7a1pre ",
            "modified": null
        },
        "model": "translations.translation",
        "pk": 624047
    },
    {
        "fields": {
            "_custom_text": null,
            "created": "2009-05-01 17:29:25",
            "modified": "2009-05-01 17:29:25"
        },
        "model": "versions.license",
        "pk": 22
    },
    {
        "fields": {
            "admin_review": 0,
            "annoying": 0,
            "average_daily_downloads": 244,
            "average_daily_users": 7540,
            "average_rating": "4.70",
            "bayesian_rating": 4.4546999999999999,
            "binary": 0,
            "created": "2009-02-23 23:47:34",
            "default_locale": "en-US",
            "description": 332048,
            "dev_agreement": 1,
            "developer_comments": 332049,
            "external_software": 0,
            "guid": "jsonview@brh.numbera.com",
            "highest_status": 4,
            "homepage": 332037,
            "icon_type": "image/png",
            "inactive": 0,
            "last_updated": "2009-02-07 15:24:24",
            "modified": "2009-10-07 23:23:03",
            "name": 332038,
            "nomination_date": "2009-03-27 19:14:48",
            "paypal_id": "",
            "prerelease": 0,
            "public_stats": 1,
            "share_count": 1,
            "show_beta": 1,
            "site_specific": 0,
            "status": 4,
            "summary": 332039,
            "support_url": 332078,
            "the_future": 539995,
            "the_reason": 539994,
            "total_downloads": 65438,
            "total_reviews": 33,
            "trusted": 0,
            "type": 1,
            "view_source": 1,
            "wants_contributions": 0,
            "weekly_downloads": 2198
        },
        "model": "addons.addon",
        "pk": 10869
    },
    {
        "fields": {
            "application": 1,
            "created": "2009-02-23 23:47:34",
            "modified": null,
            "version": "3.7a1pre",
            "version_int": 3070000001000
        },
        "model": "applications.appversion",
        "pk": 282
    },
    {
        "fields": {
            "addon": 10869,
            "approvalnotes": "http://code.google.com/p/jsonview/source/list - Changes are r22 to r27. (I fixed the missing strings from the previous upload - I thought they would fall back to en-US. Might want to add that to the validator.)",
            "created": "2009-10-07 23:23:03",
            "license": 22,
            "modified": "2009-10-08 21:11:35",
            "version": "0.4"
        },
        "model": "versions.version",
        "pk": 80422
    },
    {
        "fields": {
            "application": 1,
            "max": 282,
            "min": 233,
            "version": 80422
        },
        "model": "versions.applicationsversions",
        "pk": 47930
    },
    {
        "fields": {
            "codereview": 0,
            "created": "2009-10-08 21:10:31",
            "datestatuschanged": "2009-10-12 01:30:52",
            "filename": "jsonview-0.4-fx.xpi",
            "hash": "sha256:cd9179ca0e8b077b49939078dd83242bd938e2b9645d2139644e12f5fa319a3b",
            "modified": "2009-10-12 01:30:52",
            "platform": 1,
            "size": 19,
            "status": 4,
            "version": 80422
        },
        "model": "files.file",
        "pk": 66455
    },
    {
        "fields": {
            "created": "2009-04-20 17:21:30",
            "id": 366908,
            "locale": "en-US",
            "localized_string": "The new YSlow is here!",
            "modified": "2009-04-28 16:08:18"
        },
        "model": "translations.translation",
        "pk": 405182
    },
    {
        "fields": {
            "created": "2007-07-19 21:54:54",
            "id": 60896,
            "locale": "en-US",
            "localized_string": "YSlow analyzes web pages and why they're slow based on Yahoo!'s rules for high performance web sites.\r\n\r\nYSlow uses Yahoo!'s Smush.it service, which is subject to Smush.it Terms of Use: http://info.yahoo.com/legal/us/yahoo/smush_it/smush_it-4378.html",
            "modified": "2009-04-28 16:08:17"
        },
        "model": "translations.translation",
        "pk": 93223
    },
    {
        "fields": {
            "created": "2007-07-19 21:54:53",
            "id": 60892,
            "locale": "en-US",
            "localized_string": "YSlow analyzes web pages and suggests ways to improve their performance based on a set of rules for high performance web pages. YSlow is a Firefox add-on integrated with the Firebug web development tool. YSlow grades web page based on one of three predefined ruleset or a user-defined ruleset. It offers suggestions for improving the page's performance, summarizes the page's components, displays statistics about the page, and provides tools for performance analysis, including Smush.it\u2122 and JSLint. \r\n\r\nYSlow is licensed under the Mozilla Public License (MPL) version 1.1, with portions licensed by third parties under other license terms.  To review the terms before installing, see http://developer.yahoo.com/yslow/faq.html#faq_license.\r\n\r\nYSlow uses Yahoo!'s Smush.it service, which is subject to Smush.it Terms of Use: http://info.yahoo.com/legal/us/yahoo/smush_it/smush_it-4378.html\r\n\r\nYou must install Firebug: https://addons.mozilla.org/en-US/firefox/addon/1843",
            "modified": "2009-04-28 16:08:18"
        },
        "model": "translations.translation",
        "pk": 93219
    },
    {
        "fields": {
            "created": "2008-04-21 19:34:21",
            "id": 124902,
            "locale": "en-US",
            "localized_string": "http://developer.yahoo.com/yslow",
            "modified": "2009-02-27 11:36:01"
        },
        "model": "translations.translation",
        "pk": 160923
    },
    {
        "fields": {
            "created": "2007-07-19 21:54:54",
            "id": 60894,
            "locale": "en-US",
            "localized_string": "http://developer.yahoo.com/yslow/",
            "modified": "2009-02-27 11:36:49"
        },
        "model": "translations.translation",
        "pk": 93221
    },
    {
        "fields": {
            "created": "2007-07-19 21:54:54",
            "id": 60895,
            "locale": "en-US",
            "localized_string": "YSlow",
            "modified": "2009-02-27 11:36:49"
        },
        "model": "translations.translation",
        "pk": 93222
    },
    {
        "fields": {
            "admin_review": 0,
            "annoying": 0,
            "average_daily_downloads": 1822,
            "average_daily_users": 170745,
            "average_rating": "3.65",
            "bayesian_rating": 3.7513000000000001,
            "binary": 0,
            "created": "2007-07-19 21:48:15",
            "default_locale": "en-US",
            "description": 60892,
            "dev_agreement": 1,
            "developer_comments": 366908,
            "external_software": 0,
            "guid": "yslow@yahoo-inc.com",
            "highest_status": 4,
            "homepage": 60894,
            "icon_type": "image/png",
            "inactive": 0,
            "last_updated": "2009-02-09 15:24:24",
            "modified": "2009-11-09 15:11:30",
            "name": 60895,
            "nomination_date": "2009-02-27 11:36:53",
            "paypal_id": "",
            "prerelease": 0,
            "public_stats": 0,
            "share_count": 2,
            "show_beta": 1,
            "site_specific": 0,
            "status": 4,
            "summary": 60896,
            "support_url": 124902,
            "total_downloads": 1548729,
            "total_reviews": 57,
            "trusted": 0,
            "type": 1,
            "view_source": 0,
            "wants_contributions": 0,
            "weekly_downloads": 18909
        },
        "model": "addons.addon",
        "pk": 5369
    },
    {
        "fields": {
            "application": 1,
            "version": "3.5.*",
            "version_int": 3059900200100
        },
        "model": "applications.appversion",
        "pk": 267
    },
    {
        "fields": {
            "application": 1,
            "created": "2007-03-05 13:09:26",
            "modified": null,
            "version": "2.0",
            "version_int": 2000000200100
        },
        "model": "applications.appversion",
        "pk": 97
    },
    {
        "fields": {
            "addon": 5369,
            "created": "2009-11-09 15:11:30",
            "license": null,
            "modified": "2009-11-09 15:11:30",
            "version": "2.0.2"
        },
        "model": "versions.version",
        "pk": 83711
    },
    {
        "fields": {
            "application": 1,
            "max": 267,
            "min": 97,
            "version": 83711
        },
        "model": "versions.applicationsversions",
        "pk": 49622
    },
    {
        "fields": {
            "codereview": 0,
            "created": "2009-11-09 15:11:31",
            "datestatuschanged": "2009-11-12 22:22:32",
            "filename": "yslow-2.0.2-fx.xpi",
            "hash": "sha256:b8172690b9e18396229e01d85cce200b17f24098e513f7bd5bb6daa5a8ef7a61",
            "modified": "2009-11-12 22:22:33",
            "platform": 1,
            "size": 211,
            "status": 4,
            "version": 83711
        },
        "model": "files.file",
        "pk": 69370
    },
    {
        "fields": {
            "created": "2009-07-16 12:40:03",
            "id": 482382,
            "locale": "en-US",
            "localized_string": "I'm thinking of adding more features that would be useful for the times when you actually do visit Twitter.com (like to read your friends' messages.)  Maybe better trending topics in the sidebar, adding a retweet button, or possibly integrated image upload.",
            "modified": null
        },
        "model": "translations.translation",
        "pk": 523901
    },
    {
        "fields": {
            "created": "2009-07-16 12:40:02",
            "id": 482381,
            "locale": "en-US",
            "localized_string": "I wanted a way to quickly and easily update Twitter without visiting the site, and TwitterBar had been abandoned by its original author, so I took over development and started fixing it up and adding features.",
            "modified": null
        },
        "model": "translations.translation",
        "pk": 523900
    },
    {
        "fields": {
            "created": "2007-03-17 05:29:25",
            "id": 38754,
            "locale": "en-US",
            "localized_string": "Post to Twitter from your address bar.",
            "modified": "2009-03-23 12:20:02"
        },
        "model": "translations.translation",
        "pk": 65260
    },
    {
        "fields": {
            "created": "2007-03-17 05:29:25",
            "id": 38750,
            "locale": "en-US",
            "localized_string": "TwitterBar allows you to post to Twitter from Firefox's address bar. A small Twitter icon sits to the right of your address bar; clicking on it will post your tweet, and you can hover your mouse over it to see how many characters you have left.\r\n\r\nYou can also post by typing \"--post\" at the end of your tweet.  Clicking the Twitter icon when visiting a webpage will send a tweet containing the URL of the webpage you are currently viewing.",
            "modified": "2009-03-23 12:20:02"
        },
        "model": "translations.translation",
        "pk": 65220
    },
    {
        "fields": {
            "created": "2008-05-03 10:00:08",
            "id": 130757,
            "locale": "en-US",
            "localized_string": "http://www.chrisfinke.com/addons/twitterbar/",
            "modified": "2009-03-23 12:20:02"
        },
        "model": "translations.translation",
        "pk": 167010
    },
    {
        "fields": {
            "created": "2008-05-01 12:12:04",
            "id": 130099,
            "locale": "en-US",
            "localized_string": "cfinke@gmail.com",
            "modified": "2009-03-23 12:20:02"
        },
        "model": "translations.translation",
        "pk": 166336
    },
    {
        "fields": {
            "created": "2007-03-17 05:29:25",
            "id": 38752,
            "locale": "en-US",
            "localized_string": "http://www.chrisfinke.com/addons/twitterbar/",
            "modified": "2009-03-23 12:20:02"
        },
        "model": "translations.translation",
        "pk": 65240
    },
    {
        "fields": {
            "created": "2007-03-17 05:29:25",
            "id": 38753,
            "locale": "en-US",
            "localized_string": "TwitterBar",
            "modified": "2009-03-23 12:20:02"
        },
        "model": "translations.translation",
        "pk": 65250
    },
    {
        "fields": {
            "created": "2009-11-18 06:33:38",
            "id": 688177,
            "locale": "en-US",
            "localized_string": "* Updated for Firefox 3.6 compatibility\r\n* Updated for Fennec compatibility\r\n* Fixed bug that would prevent last tweet before authorization from being sent out\r\n* Updated translations",
            "modified": null
        },
        "model": "translations.translation",
        "pk": 737945
    },
    {
        "fields": {
            "_custom_text": null,
            "created": "2009-05-01 05:00:44",
            "modified": "2009-05-01 05:00:44"
        },
        "model": "versions.license",
        "pk": 13
    },
    {
        "fields": {
            "id": "4664",
            "locale": "en-US",
            "localized_string": "Embrace hug love hug meow meow"
        },
        "model": "translations.translation",
        "pk": 4664
    },
    {
        "fields": {
            "admin_review": 0,
            "annoying": 1,
            "average_daily_downloads": 994,
            "average_daily_users": 44693,
            "average_rating": "4.45",
            "bayesian_rating": 4.3837099999999998,
            "binary": 0,
            "created": "2007-03-17 05:23:55",
            "default_locale": "en-US",
            "description": 38750,
            "dev_agreement": 1,
            "developer_comments": 4664,
            "external_software": 0,
            "guid": "{1a0c9ebe-ddf9-4b76-b8a3-675c77874d37}",
            "highest_status": 4,
            "homepage": 38752,
            "icon_type": "image/png",
            "inactive": 0,
            "last_updated": "2009-03-23 12:20:04",
            "modified": "2009-11-18 06:32:02",
            "name": 38753,
            "nomination_date": "2009-03-23 12:20:04",
            "paypal_id": "cfinke+premier@gmail.com",
            "prerelease": 0,
            "public_stats": 0,
            "share_count": 0,
            "show_beta": 1,
            "site_specific": 1,
            "status": 4,
            "suggested_amount": "0.99",
            "summary": 38754,
            "support_email": 130099,
            "support_url": 130757,
            "the_future": 482382,
            "the_reason": 482381,
            "total_downloads": 867952,
            "total_reviews": 101,
            "trusted": 0,
            "type": 1,
            "view_source": 1,
            "wants_contributions": 1,
            "weekly_downloads": 23646
        },
        "model": "addons.addon",
        "pk": 4664
    },
    {
        "fields": {
            "addon": 4664,
            "approvalnotes": "You can contact me at cfinke@gmail.com or @cfinke on Twitter with any questions.  Fennec support was the main reason for this upgrade.",
            "created": "2009-11-18 06:32:02",
            "license": 13,
            "modified": "2009-11-18 06:33:39",
            "version": "2.7"
        },
        "model": "versions.version",
        "pk": 84770
    },
    {
        "fields": {
            "codereview": 0,
            "created": "2009-11-18 06:32:03",
            "datestatuschanged": "2009-11-18 06:31:42",
            "filename": "twitterbar-2.7-fx+fn.xpi",
            "hash": "sha256:38840d62c05f4ca4342d4df3b6a6e5cd4f11e587701ac3c10768bc8a22218a72",
            "modified": "2009-11-18 06:33:39",
            "platform": 1,
            "size": 90,
            "status": 4,
            "version": 84770
        },
        "model": "files.file",
        "pk": 70282
    },
    {
        "fields": {
            "application": 60,
            "version": "1.0.*",
            "version_int": 1009900200100
        },
        "model": "applications.appversion",
        "pk": 249
    },
    {
        "fields": {
            "application": 60,
            "version": "1.0b1",
            "version_int": 1000000101100
        },
        "model": "applications.appversion",
        "pk": 259
    },
    {
        "fields": {
            "application": 60,
            "max": 249,
            "min": 259,
            "version": 84770
        },
        "model": "versions.applicationsversions",
        "pk": 63002
    },
    {
        "fields": {
            "application": 1,
            "count": 737,
            "created": "2007-03-05 16:06:55",
            "description": 37940,
            "modified": "2009-11-13 02:15:58",
            "name": 37939,
            "slug": "alerts-updates",
            "type": 1,
            "weight": 0
        },
        "model": "addons.category",
        "pk": 72
    },
    {
        "fields": {
            "created": "2007-03-05 13:10:18",
            "id": 1299,
            "locale": "en-US",
            "localized_string": "Allows the user to use external programs for: view page source, edit content of textareas handle mailto, news, telnet and FTP links and download...",
            "modified": null
        },
        "model": "translations.translation",
        "pk": 4287
    },
    {
        "fields": {
            "created": "2007-03-05 13:10:18",
            "id": 1297,
            "locale": "en-US",
            "localized_string": "Allows the user to use external programs for: view page source, edit content of textareas handle mailto, news, telnet and FTP links and download files.",
            "modified": null
        },
        "model": "translations.translation",
        "pk": 4285
    },
    {
        "fields": {
            "created": "2007-03-05 13:10:18",
            "id": 1296,
            "locale": "en-US",
            "localized_string": "http://mozex.mozdev.org/",
            "modified": null
        },
        "model": "translations.translation",
        "pk": 4284
    },
    {
        "fields": {
            "created": "2007-03-05 13:10:18",
            "id": 1295,
            "locale": "en-US",
            "localized_string": "MozEX",
            "modified": null
        },
        "model": "translations.translation",
        "pk": 4283
    },
    {
        "fields": {
            "admin_review": 0,
            "annoying": 0,
            "average_daily_downloads": 42,
            "average_daily_users": 77,
            "average_rating": "4.00",
            "bayesian_rating": 4.0419999999999998,
            "binary": 0,
            "created": "2004-06-12 02:52:33",
            "default_locale": "en-US",
            "description": 1297,
            "dev_agreement": 0,
            "external_software": 0,
            "get_satisfaction_product": null,
            "guid": "{7c07e56e-b2f0-4932-bbe2-857a91b69f45}",
            "highest_status": 1,
            "homepage": 1296,
            "icon_type": "",
            "inactive": 0,
            "last_updated": "2007-03-05 13:11:03",
            "modified": null,
            "name": 1295,
            "nomination_date": null,
            "paypal_id": "",
            "prerelease": 0,
            "public_stats": 0,
            "share_count": 0,
            "show_beta": 1,
            "site_specific": 0,
            "status": 1,
            "suggested_amount": null,
            "summary": 1299,
            "the_reason": null,
            "total_downloads": 24739,
            "total_reviews": 1,
            "trusted": 0,
            "type": 1,
            "view_source": 0,
            "wants_contributions": 0,
            "weekly_downloads": 6
        },
        "model": "addons.addon",
        "pk": 40
    },
    {
        "fields": {
            "addon": 40,
            "approvalnotes": "",
            "created": "2004-06-12 02:52:33",
            "license": null,
            "modified": "2004-06-13 20:25:13",
            "version": "1.0.7"
        },
        "model": "versions.version",
        "pk": 42
    },
    {
        "fields": {
            "codereview": 0,
            "created": "2007-03-05 13:11:03",
            "datestatuschanged": null,
            "filename": "mozex-1.0.7-fx.xpi",
            "hash": "sha256:f6e0881af426279e7f56fe451057d708cac5f21b44afde980bad81f8a2e0c2cb",
            "modified": null,
            "platform": 1,
            "size": 18,
            "status": 4,
            "version": 42
        },
        "model": "files.file",
        "pk": 197
    },
    {
        "fields": {
            "application": 1,
            "created": "2007-03-05 13:10:58",
            "modified": null,
            "version": "0.9",
            "version_int": 90000200100
        },
        "model": "applications.appversion",
        "pk": 123
    },
    {
        "fields": {
            "application": 1,
            "created": "2007-03-05 13:09:26",
            "modified": null,
            "version": "0.7",
            "version_int": 70000200100
        },
        "model": "applications.appversion",
        "pk": 42
    },
    {
        "fields": {
            "application": 1,
            "max": 123,
            "min": 42,
            "version": 42
        },
        "model": "versions.applicationsversions",
        "pk": 19
    },
    {
        "fields": {
            "averagerating": "4.06",
            "bio": null,
            "confirmationcode": "",
            "created": "2007-03-05 13:09:34",
            "deleted": 0,
            "display_collections": 0,
            "display_collections_fav": 0,
            "email": "dd+357b3dde1d3e7e3267d23f605a078d62@davedash.com",
            "emailhidden": 0,
            "firstname": "Christopher",
            "homepage": "http://www.chrisfinke.com/",
            "lastname": "Finke",
            "location": "Minneapolis, MN",
            "modified": "2009-07-17 12:12:18",
            "notifycompat": 1,
            "notifyevents": 1,
            "occupation": "Software Developer",
            "password": "sha512$9b7d3208f1f3c2ddd7c9e117f32a2b7ebaae7dfd62ace1f490048aaf8f8d81fb$ae3acaadaa2fb720773f0bbd65f019ba168ba89ff3e2d5eef0aa699042d2882b607a31ee43c403f4d1fd2cda19c46fa728d578d04682b42d164fb418e5bd50d8",
            "picture_type": "image/png",
            "resetcode": "",
            "sandboxshown": 1,
            "user": null
        },
        "model": "users.userprofile",
        "pk": 2519
    },
    {
        "fields": {
            "addon": 4664,
            "listed": 1,
            "position": 0,
            "role": 5,
            "user": 2519
        },
        "model": "addons.addonuser",
        "pk": 3706
    },
    {
        "fields": {
            "created": "2007-03-17 05:29:25",
            "id": 38751,
            "locale": "en-US",
            "localized_string": "",
            "localized_string_clean": null,
            "modified": "2009-03-23 12:20:02"
        },
        "model": "translations.translation",
        "pk": 65230
    },
    {
        "fields": {
            "created": "2008-05-03 10:03:27",
            "id": 130761,
            "locale": "en-US",
            "localized_string": "TwitterBar places an icon in the address bar.",
            "localized_string_clean": null,
            "modified": null
        },
        "model": "translations.translation",
        "pk": 167014
    },
    {
        "fields": {
            "addon": 4664,
            "caption": 130761,
            "created": "2008-05-03 10:03:27",
            "filetype": "image/png",
            "highlight": 1,
            "modified": "2008-05-03 10:03:28",
            "thumbtype": "image/png"
        },
        "model": "addons.preview",
        "pk": 20397
    },
    {
        "fields": {
            "created": "2009-03-09 19:16:20",
            "id": 340672,
            "locale": "en-US",
            "localized_string": "http://groups.google.com/group/better-gmail-2-firefox-extension",
            "localized_string_clean": null,
            "modified": null
        },
        "model": "translations.translation",
        "pk": 378388
    },
    {
        "fields": {
            "created": "2009-03-09 19:16:20",
            "id": 340671,
            "locale": "en-US",
            "localized_string": "better-gmail-2-firefox-extension@googlegroups.com",
            "localized_string_clean": null,
            "modified": null
        },
        "model": "translations.translation",
        "pk": 378387
    },
    {
        "fields": {
            "created": "2007-07-08 13:49:43",
            "id": 58813,
            "locale": "en-US",
            "localized_string": "http://www.ginatrapani.org/workshop/firefox/bettergcal/",
            "localized_string_clean": null,
            "modified": "2009-03-09 19:16:20"
        },
        "model": "translations.translation",
        "pk": 90915
    },
    {
        "fields": {
            "created": "2007-07-08 13:49:43",
            "id": 58814,
            "locale": "en-US",
            "localized_string": "Better GCal",
            "localized_string_clean": null,
            "modified": "2009-03-09 19:16:20"
        },
        "model": "translations.translation",
        "pk": 90916
    },
    {
        "fields": {
            "admin_review": 0,
            "annoying": 0,
            "average_daily_downloads": 217,
            "average_daily_users": 20083,
            "average_rating": "3.53",
            "bayesian_rating": 3.7239300000000002,
            "binary": 0,
            "created": "2007-07-08 13:48:03",
            "default_locale": "en-US",
            "description": 58812,
            "dev_agreement": 1,
            "developer_comments": null,
            "eula": null,
            "external_software": 0,
            "get_satisfaction_company": null,
            "get_satisfaction_product": null,
            "guid": "bettergcal@ginatrapani.org",
            "highest_status": 4,
            "homepage": 58813,
            "icon_type": "image/png",
            "inactive": 0,
            "last_updated": "2008-07-07 12:08:01",
            "locale_disambiguation": null,
            "modified": "2010-02-09 19:51:24",
            "name": 58814,
            "nomination_date": "2009-03-09 19:16:22",
            "paypal_id": "",
            "prerelease": 0,
            "privacy_policy": null,
            "public_stats": 0,
            "share_count": 5,
            "show_beta": 1,
            "site_specific": 1,
            "status": 4,
            "suggested_amount": null,
            "summary": 58815,
            "support_email": 340671,
            "support_url": 340672,
            "target_locale": null,
            "the_future": null,
            "the_reason": null,
            "total_downloads": 198571,
            "total_reviews": 34,
            "trusted": 0,
            "type": 1,
            "view_source": 0,
            "wants_contributions": 0,
            "weekly_downloads": 551
        },
        "model": "addons.addon",
        "pk": 5299
    },
    {
        "fields": {
            "addon": 5299,
            "approvalnotes": "Thanks for your time!",
            "created": "2009-09-18 12:33:23",
            "license": 13,
            "modified": "2010-02-09 19:50:17",
            "releasenotes": 560592,
            "version": "0.4"
        },
        "model": "versions.version",
        "pk": 78841
    },
    {
        "fields": {
            "codereview": 0,
            "created": "2009-09-18 12:33:25",
            "datestatuschanged": "2009-09-18 12:32:59",
            "filename": "better_gcal-0.4-fx.xpi",
            "hash": "sha256:4395f9cf4934ecc8f22d367c2a301fd79613b68937c59e676e92e4f0a89a5b92",
            "modified": "2010-02-09 19:50:16",
            "platform": 1,
            "size": 24,
            "status": 7,
            "version": 78841
        },
        "model": "files.file",
        "pk": 64874
    },
    {
        "fields": {
            "created": "2007-03-07 22:34:07",
            "id": 15451,
            "locale": "ja",
            "localized_string": "http://f22.aaa.livedoor.jp/~ptdb/firefox/theme.html",
            "localized_string_clean": null,
            "modified": "2010-01-03 22:27:06"
        },
        "model": "translations.translation",
        "pk": 29876
    },
    {
        "fields": {
            "created": "2007-03-07 22:34:07",
            "id": 15450,
            "locale": "ja",
            "localized_string": null,
            "localized_string_clean": null,
            "modified": "2008-05-17 22:14:50"
        },
        "model": "translations.translation",
        "pk": 29866
    },
    {
        "fields": {
            "admin_review": 0,
            "annoying": 0,
            "average_daily_downloads": 1511,
            "average_daily_users": 21709,
            "average_rating": "0",
            "bayesian_rating": 3.6789000000000001,
            "binary": 0,
            "created": "2006-10-31 23:19:06",
            "default_locale": "ja",
            "description": 15452,
            "dev_agreement": 0,
            "developer_comments": 15453,
            "eula": null,
            "external_software": 0,
            "get_satisfaction_company": "",
            "get_satisfaction_product": "",
            "guid": "{835A3F80-DF39-11D9-A0B5-000D0B3AEB26}",
            "highest_status": 4,
            "homepage": 15451,
            "icon_type": "",
            "inactive": 1,
            "last_updated": "2010-01-03 21:26:09",
            "locale_disambiguation": null,
            "modified": "2010-01-03 22:27:15",
            "name": 15450,
            "nomination_date": "2008-09-20 21:43:58",
            "paypal_id": "",
            "prerelease": 0,
            "privacy_policy": null,
            "public_stats": 0,
            "share_count": 0,
            "show_beta": 0,
            "site_specific": 0,
            "status": 6,
            "suggested_amount": null,
            "summary": 15454,
            "support_email": null,
            "support_url": null,
            "target_locale": null,
            "the_future": null,
            "the_reason": null,
            "total_downloads": 418529,
            "total_reviews": 2,
            "trusted": 0,
            "type": 2,
            "view_source": 0,
            "wants_contributions": 0,
            "weekly_downloads": 0
        },
        "model": "addons.addon",
        "pk": 3723
    },
    {
        "fields": {
            "addon": 3723,
            "approvalnotes": null,
            "created": "2010-01-03 21:26:09",
            "license": 5,
            "modified": "2010-01-03 22:13:50",
            "releasenotes": null,
            "version": "0"
        },
        "model": "versions.version",
        "pk": 89774
    },
    {
        "fields": {
            "created": "2007-11-30 23:29:27",
            "id": 84542,
            "locale": "en-US",
            "localized_string": "NewTongWenTang is a tool to switch display Chinese content between traditional and simplified glyphs (\u4e2d\u6587\u7e41\u7c21\u9ad4\u4e92\u8f49\u5de5\u5177)",
            "localized_string_clean": "NewTongWenTang is a tool to switch display Chinese content between traditional and simplified glyphs (\u4e2d\u6587\u7e41\u7c21\u9ad4\u4e92\u8f49\u5de5\u5177)",
            "modified": "2009-04-08 23:04:52"
        },
        "model": "translations.translation",
        "pk": 117842
    },
    {
        "fields": {
            "created": "2007-11-30 23:29:26",
            "id": 84539,
            "locale": "en-US",
            "localized_string": "Features:\r\n - To switch display Chinese webpage between traditional and simplified glyphs\r\n - Auto-fix mis-mapped convertion content between traditional and simplified glyphs\r\n - Convert the chinese content of clipboard between traditional and simplified\r\n\r\nRemark: \r\nThis extension is a modded version of from the addon \"Tong Wen Tang \u540c\u6587\u5802\" which originally developed by http://tongwen.mozdev.org/",
            "localized_string_clean": "Features:\n - To switch display Chinese webpage between traditional and simplified glyphs\n - Auto-fix mis-mapped convertion content between traditional and simplified glyphs\n - Convert the chinese content of clipboard between traditional and simplified\n\nRemark: \nThis extension is a modded version of from the addon \"Tong Wen Tang \u540c\u6587\u5802\" which originally developed by <a href=\"http://outgoing.mozilla.org/v1/4334a8aab6f2b228d21cf5397a5d4e33161ff219/http%3A//tongwen.mozdev.org/\">http://tongwen.mozdev.org/</a>",
            "modified": "2009-04-08 23:04:52"
        },
        "model": "translations.translation",
        "pk": 117833
    },
    {
        "fields": {
            "created": "2009-01-17 00:09:32",
            "id": 308593,
            "locale": "en-US",
            "localized_string": "http://of.openfoundry.org/projects/333/rt",
            "localized_string_clean": null,
            "modified": "2009-03-29 00:13:47"
        },
        "model": "translations.translation",
        "pk": 346361
    },
    {
        "fields": {
            "created": "2007-11-30 23:29:27",
            "id": 84540,
            "locale": "en-US",
            "localized_string": "http://of.openfoundry.org/projects/333/rt",
            "localized_string_clean": null,
            "modified": "2009-04-08 23:04:52"
        },
        "model": "translations.translation",
        "pk": 117836
    },
    {
        "fields": {
            "created": "2007-11-30 23:29:27",
            "id": 84541,
            "locale": "en-US",
            "localized_string": "\u65b0\u540c\u6587\u5802 (New Tong Wen Tang)",
            "localized_string_clean": null,
            "modified": "2009-04-08 23:04:52"
        },
        "model": "translations.translation",
        "pk": 117839
    },
    {
        "fields": {
            "admin_review": 0,
            "annoying": 0,
            "average_daily_downloads": 779,
            "average_daily_users": 64379,
            "average_rating": "4.83",
            "bayesian_rating": 4.5384099999999998,
            "binary": 0,
            "created": "2007-11-30 23:22:01",
            "default_locale": "zh-TW",
            "description": 84539,
            "dev_agreement": 1,
            "developer_comments": null,
            "eula": null,
            "external_software": 0,
            "get_satisfaction_company": "",
            "get_satisfaction_product": "",
            "guid": "{22870005-adef-4c9d-ae36-d0e1f2f27e5a}",
            "highest_status": 4,
            "homepage": 84540,
            "icon_type": "image/png",
            "inactive": 0,
            "last_updated": "2010-02-03 18:42:00",
            "locale_disambiguation": null,
            "modified": "2010-02-03 18:02:32",
            "name": 84541,
            "nomination_date": "2009-04-08 23:04:54",
            "paypal_id": "",
            "prerelease": 0,
            "privacy_policy": null,
            "public_stats": 1,
            "share_count": 1,
            "show_beta": 1,
            "site_specific": 0,
            "status": 4,
            "suggested_amount": null,
            "summary": 84542,
            "support_email": null,
            "support_url": 308593,
            "target_locale": null,
            "the_future": null,
            "the_reason": null,
            "total_downloads": 317956,
            "total_reviews": 35,
            "trusted": 0,
            "type": 1,
            "view_source": 1,
            "wants_contributions": 0,
            "weekly_downloads": 7440
        },
        "model": "addons.addon",
        "pk": 6113
    },
    {
        "fields": {
            "addon": 6113,
            "approvalnotes": null,
            "created": "2010-02-03 17:53:51",
            "license": null,
            "modified": "2010-02-03 17:53:51",
            "releasenotes": null,
            "version": "0.4.0.6"
        },
        "model": "versions.version",
        "pk": 94363
    },
    {
        "fields": {
            "codereview": 0,
            "created": "2010-02-03 17:53:53",
            "datestatuschanged": "2010-02-03 18:42:00",
            "filename": "______________new_tong_wen_tang_-0.4.0.6-fx+tb+sm.xpi",
            "hash": "sha256:1448693a47f9447d921cde84f1270eaa3ecb726a237f9ac72db94d39c2eb576f",
            "modified": "2010-02-03 18:42:01",
            "platform": 1,
            "size": 192,
            "status": 4,
            "version": 94363
        },
        "model": "files.file",
        "pk": 78646
    },
    {
        "fields": {
            "application": 1,
            "created": null,
            "modified": null,
            "version": "3.6",
            "version_int": 3060000200100
        },
        "model": "applications.appversion",
        "pk": 290
    },
    {
        "fields": {
            "application": 1,
            "created": "2007-03-05 13:09:26",
            "modified": null,
            "version": "1.5",
            "version_int": 1050000200100
        },
        "model": "applications.appversion",
        "pk": 82
    },
    {
        "fields": {
            "application": 1,
            "max": 290,
            "min": 82,
            "version": 94363
        },
        "model": "versions.applicationsversions",
        "pk": 53726
    }
]
