[
    {
        "pk": 36151,
        "model": "translations.translation",
        "fields": {
            "id": 36151,
            "locale": "en-US",
            "localized_string": "Best Addon Evar",
            "created": "2001-01-01 13:14:15"
        }
    },

    {
        "pk": 1,
        "model": "translations.translation",
        "fields": {
            "id": 1,
            "locale": "en-US",
            "localized_string": "ALL",
            "created": "2001-01-01 13:14:15"
        }
    },
    {
        "pk": 15000,
        "model": "translations.translation",
        "fields": {
            "locale": "en-US",
            "created": "2007-03-05 13:10:42",
            "id": 15000,
            "modified": "2009-03-26 07:41:10",
            "localized_string": "Delicious Bookmarks"
        }
    },
    {
        "pk": 29034,
        "model": "translations.translation",
        "fields": {
            "locale": "en-US",
            "created": "2007-03-05 13:10:42",
            "id": 15002,
            "modified": "2009-04-29 11:20:57",
            "localized_string": "Delicious blah blah blah"
        }
    },
    {
        "pk": 1,
        "model": "files.platform",
        "fields": {
            "name": 1,
            "icontype": "",
            "modified": "2008-04-07 08:16:55",
            "created": "2007-03-05 13:09:27"
        }
    },
    {
        "pk": 1,
        "model": "addons.addontype",
        "fields": {
            "modified": "2009-02-06 08:42:28",
            "created": "2006-08-21 23:53:19"
        }
    },
    {
        "pk": 2,
        "model": "addons.addontype",
        "fields": {
            "modified": "2009-02-06 08:42:28",
            "created": "2006-08-21 23:53:24"
        }
    },
    {
        "pk": 55021,
        "model": "users.userprofile",
        "fields": {
            "nickname": "carlsjr",
            "sandboxshown": 1,
            "display_collections_fav": 0,
            "display_collections": 0,
            "occupation": "",
            "confirmationcode": "",
            "location": "",
            "picture_type": "",
            "averagerating": "3.11",
            "homepage": "http://www.yahoo.com/",
            "email": "dd+0cb167b90cc5ed1b6d0e4566d2c2c3a6@davedash.com",
            "notifycompat": 1,
            "firstname": "Carl",
            "deleted": 0,
            "lastname": "Yahoo!, Jr.",
            "emailhidden": 1,
            "password": "sha512$61ba34cb04c185f51ca6b5c3132bfbf5b4d6b16c329ff076039c597c0d14912f$9b461aca85bcbc326c0555c3165ff526eabdce82a49c7408bbb71121d3d9d48499c952b96dc520cb4accbca0df0cd1d17756873d08e488a9a144aaf34cb78bf1",
            "resetcode": "",
            "created": "2007-03-05 13:09:56",
            "modified": "2007-07-21 11:45:47",
            "notifyevents": 1
        }
    },
    {
        "pk": 3615,
        "model": "addons.addon",
        "fields": {
            "dev_agreement": 1,
            "public_stats": 0,
            "last_updated": "2009-10-21 09:58:52",
            "modified": "2009-10-21 09:58:52",
            "weekly_downloads": 20178,
            "share_count": 5,
            "admin_review": 0,
            "average_daily_downloads": 5928,
            "show_beta": 1,
            "trusted": 1,
            "average_rating": "3.02",
            "binary": 0,
            "total_reviews": 389,
            "view_source": 0,
            "external_software": 0,
            "average_daily_users": 493241,
            "total_downloads": 5175276,
            "icon_type": "image/png",
            "status": 4,
            "description": 15002,
            "summary": 36151,
            "site_specific": 1,
            "nomination_date": "2009-03-26 07:41:12",
            "wants_contributions": 0,
            "prerelease": 0,
            "guid": "{2fa4ed95-0317-4c6a-a74c-5f3e3912c1f9}",
            "bayesian_rating": 3.06941,
            "name": 15000,
            "created": "2006-10-23 12:57:41",
            "paypal_id": "",
            "annoying": 0,
            "inactive": 0,
            "type": 1,
            "highest_status": 4,
            "default_locale": "en-US"
        }
    },
    {
        "pk": 24007,
        "model": "versions.version",
        "fields": {
            "license": null,
            "created": "2006-10-23 12:57:41",
            "approvalnotes": "",
            "modified": "2006-10-23 19:22:18",
            "version": "1.0.43",
            "addon": 3615
        }
    },
    {
        "pk": 1,
        "model": "versions.version",
        "fields": {
            "license": null,
            "created": "2006-10-24 12:00:00",
            "approvalnotes": "",
            "modified": "2006-10-24 12:00:01",
            "version": "1.2",
            "addon": 3615
        }
    },
    {
        "pk": 2,
        "model": "versions.version",
        "fields": {
            "addon": 3615,
            "created": "2006-08-21 23:53:19"
        }
    },
   {
        "pk": 1,
        "model": "applications.application",
        "fields": {
            "guid": "{3550f703-e582-4d05-9a08-453d09bdfdc6}",
            "created": "2006-08-21 23:53:19"
        }
    },
    {
        "pk": 18,
        "model": "applications.application",
        "fields": {
            "guid": "{3550f703-e582-4d05-9a08-453d09bdfdc6}",
            "created": "2006-08-21 23:53:19"
        }
    },
     {
        "pk": 200,
        "model": "applications.appversion",
        "fields": {
            "application": 1,
            "version": "1",
            "version_int": 1,
            "created": "2006-08-21 23:53:19"
        }
    },
    {
        "pk": 201,
        "model": "applications.appversion",
        "fields": {
            "application": 1,
            "version": "2",
            "version_int": 2,
            "created": "2006-08-21 23:53:19"
        }
    },
    {
        "pk": 202,
        "model": "applications.appversion",
        "fields": {
            "application": 18,
            "version": "1",
            "version_int": 1,
            "created": "2006-08-21 23:53:19"
        }
    },
    {
        "pk": 203,
        "model": "applications.appversion",
        "fields": {
            "application": 18,
            "version": "2",
            "version_int": 2,
            "created": "2006-08-21 23:53:19"
        }
    },
      {
        "pk": 240071,
        "model": "versions.applicationsversions",
        "fields": {
            "application": 1,
            "version": 24007,
            "min": 200,
            "max": 201
        }
    },
      {
        "pk": 20,
        "model": "versions.applicationsversions",
        "fields": {
            "application": 1,
            "version": 2,
            "min": 200,
            "max": 201
        }
    },
    {
        "pk": 21,
        "model": "versions.applicationsversions",
        "fields": {
            "application": 18,
            "version": 2,
            "min": 202,
            "max": 203
        }
    },
  {
        "pk": 11993,
        "model": "files.file",
        "fields": {
            "status": 4,
            "codereview": 0,
            "hash": "sha256:5b5aaf7b38e332cc95d92ba759c01c3076b53a840f6c16e01dc272eefcb29566",
            "created": "2007-03-05 13:19:15",
            "modified": "2007-04-04 12:30:11",
            "filename": "del.icio.us_bookmarks-1.0.43-fx.xpi",
            "platform": 1,
            "version": 24007,
            "datestatuschanged": null,
            "size": 169
        }
    },
    {
        "pk": 1,
        "model": "files.file",
        "fields": {
            "status": 1,
            "codereview": 0,
            "hash": "sha256:5b5aaf7b38e332cc95d92ba759c01c3076b53a840f6c16e01dc272eefcb29566",
            "created": "2007-03-05 13:19:15",
            "modified": "2007-04-04 12:30:11",
            "filename": "del.icio.us_bookmarks-1.2-fx.xpi",
            "platform": 1,
            "version": 1,
            "datestatuschanged": null,
            "size": 169
        }
    },
    {
        "pk": 129780,
        "model": "translations.translation",
        "fields": {
            "locale": "en-US",
            "created": "2007-03-05 13:10:42",
            "id": 129780,
            "modified": "2009-03-26 07:41:10",
            "localized_string": "macos theme"
        }
    },
    {
        "pk": 7172,
        "model": "addons.addon",
        "fields": {
            "dev_agreement": 1,
            "view_source": 0,
            "total_downloads": 751302,
            "inactive": 0,
            "average_daily_downloads": 1325,
            "show_beta": 1,
            "trusted": 0,
            "binary": 0,
            "guid": "{00352F14-3F76-4e4d-ACFF-9976D7E4B3B9}",
            "weekly_downloads": 7523,
            "paypal_id": "",
            "average_rating": "4.56",
            "wants_contributions": 0,
            "average_daily_users": 66334,
            "bayesian_rating": 4.5321899999999999,
            "share_count": 2,
            "public_stats": 1,
            "status": 4,
            "default_locale": "en-US",
            "prerelease": 0,
            "admin_review": 0,
            "external_software": 0,
            "highest_status": 4,
            "name": 129780,
            "created": "2008-05-01 00:59:36",
            "type": 2,
            "annoying": 0,
            "last_updated": "2009-09-22 01:49:51",
            "modified": "2009-09-22 01:49:51",
            "site_specific": 0,
            "total_reviews": 346,
            "nomination_date": "2009-03-21 09:17:07"
        }
    },
    {
        "pk": 7172,
        "model": "versions.version",
        "fields": {
            "addon": 7172,
            "created": "2006-08-21 23:53:19"
        }
    },
    {
        "pk": 7172,
        "model": "versions.applicationsversions",
        "fields": {
            "application": 1,
            "version": 7172,
            "min": 200,
            "max": 201
        }
    },
    {
        "pk": 7172,
        "model": "files.file",
        "fields": {
            "status": 4,
            "codereview": 0,
            "hash": "sha256:5b5aaf7b38e332cc95d92ba759c01c3076b53a840f6c16e01dc272eefcb29566",
            "created": "2007-03-05 13:19:15",
            "modified": "2007-04-04 12:30:11",
            "filename": "del.icio.us_bookmarks-1.2-fx.xpi",
            "platform": 1,
            "version": 7172,
            "datestatuschanged": null,
            "size": 169
        }
    },
    {
        "pk": 73,
        "model": "translations.translation",
        "fields": {
            "id": 73,
            "locale": "en-US",
            "localized_string": "z addon seventy-three",
            "created": "2001-01-01 13:14:15"
        }
    },
    {
        "pk": 73,
        "model": "addons.addon",
        "fields": {
            "type": 1,
            "status": 4,
            "name": 73,
            "bayesian_rating": 0.8,
            "weekly_downloads": 23523,
            "last_updated": "2008-08-21 23:53:19",
            "modified": "2006-08-21 23:53:19",
            "created": "2006-08-21 23:53:19"
        }
    },
    {
        "pk": 73,
        "model": "versions.version",
        "fields": {
            "addon": 73,
            "created": "2006-08-21 23:53:19"
        }
    },
    {
        "pk": 73,
        "model": "versions.applicationsversions",
        "fields": {
            "application": 1,
            "version": 73,
            "min": 200,
            "max": 201
        }
    },
    {
        "pk": 73,
        "model": "files.file",
        "fields": {
            "status": 4,
            "codereview": 0,
            "hash": "sha256:5b5aaf7b38e332cc95d92ba759c01c3076b53a840f6c16e01dc272eefcb29566",
            "created": "2007-03-05 13:19:15",
            "modified": "2007-04-04 12:30:11",
            "filename": "del.icio.us_bookmarks-1.2-fx.xpi",
            "platform": 1,
            "version": 73,
            "datestatuschanged": null,
            "size": 169
        }
    },
    {
        "pk": 55,
        "model": "translations.translation",
        "fields": {
            "id": 55,
            "locale": "en-US",
            "localized_string": "addon fifty-five",
            "created": "2001-01-01 13:14:15"
        }
    },
    {
        "pk": 55,
        "model": "addons.addon",
        "fields": {
            "type": 1,
            "status": 1,
            "name": 55,
            "bayesian_rating": 1.0,
            "weekly_downloads": 3865386,
            "last_updated": "2006-08-21 23:53:19",
            "modified": "2006-08-21 23:53:19",
            "created": "2006-08-21 23:53:19"
        }
    },
    {
        "pk": 55,
        "model": "versions.version",
        "fields": {
            "addon": 55,
            "created": "2006-08-21 23:53:19"
        }
    },
    {
        "pk": 55,
        "model": "versions.applicationsversions",
        "fields": {
            "application": 1,
            "version": 55,
            "min": 200,
            "max": 201
        }
    },
    {
        "pk": 55,
        "model": "files.file",
        "fields": {
            "status": 1,
            "codereview": 0,
            "hash": "sha256:5b5aaf7b38e332cc95d92ba759c01c3076b53a840f6c16e01dc272eefcb29566",
            "created": "2007-03-05 13:19:15",
            "modified": "2007-04-04 12:30:11",
            "filename": "del.icio.us_bookmarks-1.2-fx.xpi",
            "platform": 1,
            "version": 55,
            "datestatuschanged": null,
            "size": 169
        }
    },
    {
        "pk": 25981,
        "model": "addons.preview",
        "fields": {
            "caption": null,
            "filetype": "image/png",
            "created": "2008-09-15 01:30:44",
            "modified": "2008-09-15 01:30:44",
            "thumbtype": "image/png",
            "highlight": 0,
            "addon": 7172
        }
    },
    {
        "pk": 4043307,
        "model": "auth.user",
        "fields": {
            "username": "admin",
            "first_name": "Jeff",
            "last_name": "Balogh",
            "is_active": 1,
            "is_superuser": 1,
            "is_staff": 1,
            "last_login": "2010-01-13 17:17:23",
            "groups": [],
            "user_permissions": [],
            "password": "sha512$7b5436061f8c0902088c292c057be69fdb17312e2f71607c9c51641f5d876522$08d1d370d89e2ae92755fd03464a7276ca607c431d04a52d659f7a184f3f9918073637d82fc88981c7099c7c46a1137b9fdeb675304eb98801038905a9ee0600",
            "email": "admin@mozilla.com",
            "date_joined": "2009-02-02 11:50:31"
        }
    },
    {
        "pk": 4043307,
        "model": "users.userprofile",
        "fields": {
            "sandboxshown": 1,
            "display_collections_fav": 1,
            "display_collections": 1,
            "occupation": "",
            "confirmationcode": "",
            "location": "",
            "picture_type": "",
            "averagerating": "",
            "homepage": "http://jeffbalogh.org",
            "email": "admin@mozilla.com",
            "notifycompat": 1,
            "bio": null,
            "firstname": "Jeff",
            "deleted": 0,
            "lastname": "Balogh",
            "emailhidden": 0,
            "user": 4043307,
            "password": "sha512$7b5436061f8c0902088c292c057be69fdb17312e2f71607c9c51641f5d876522$08d1d370d89e2ae92755fd03464a7276ca607c431d04a52d659f7a184f3f9918073637d82fc88981c7099c7c46a1137b9fdeb675304eb98801038905a9ee0600",
            "nickname": "admin",
            "resetcode_expires": "2010-01-12 15:28:07",
            "resetcode": "",
            "created": "2009-02-02 11:50:31",
            "notes": "",
            "modified": "2010-01-12 17:01:41",
            "notifyevents": 1
        }
    },
    {
        "pk": 2808,
        "model": "addons.addonuser",
        "fields": {
            "position": 0,
            "listed": 1,
            "role": 5,
            "user": 55021,
            "addon": 3615
        }
    }
]
