[
    {
        "pk": 426,
        "model": "translations.translation",
        "fields": {
            "localized_string": "Add these search engines to the Search Bar in the upper-right corner of %1$s, for quick access to your favorite search sites.",
            "created": "2007-03-05 13:08:05",
            "locale": "en-US",
            "modified": "2007-03-22 21:54:38",
            "id": 151,
            "localized_string_clean": null
        }
    },
    {
        "pk": 258,
        "model": "translations.translation",
        "fields": {
            "localized_string": "Search Engines",
            "created": "2007-03-05 13:08:05",
            "locale": "en-US",
            "modified": "2007-03-22 21:54:38",
            "id": 145,
            "localized_string_clean": null
        }
    },
    {
        "pk": 83,
        "model": "translations.translation",
        "fields": {
            "localized_string": "Search Engine",
            "created": "2007-03-05 13:08:05",
            "locale": "en-US",
            "modified": "2007-03-22 21:54:38",
            "id": 4,
            "localized_string_clean": null
        }
    },
    {
        "pk": 67984,
        "model": "translations.translation",
        "fields": {
            "localized_string": "Extensions are small add-ons that add new functionality to %1$s, from a simple toolbar button to a completely new feature. They allow you to customize %1$s to fit your own needs and preferences, while letting us keep %1$s itself light and lean.",
            "created": "2007-03-22 20:51:22",
            "locale": "en-US",
            "modified": "2007-03-26 20:06:20",
            "id": 39111,
            "localized_string_clean": null
        }
    },
    {
        "pk": 68015,
        "model": "translations.translation",
        "fields": {
            "localized_string": "Extensions",
            "created": "2007-03-22 21:16:47",
            "locale": "en-US",
            "modified": "2007-03-26 20:06:20",
            "id": 39112,
            "localized_string_clean": null
        }
    },
    {
        "pk": 67951,
        "model": "translations.translation",
        "fields": {
            "localized_string": "Extension",
            "created": "2007-03-22 20:51:22",
            "locale": "en-US",
            "modified": "2007-03-26 20:06:20",
            "id": 39109,
            "localized_string_clean": null
        }
    },
    {
        "pk": 627457,
        "model": "translations.translation",
        "fields": {
            "localized_string": "SEMRush.com russian database search.\r\nEnter your domain, keyword or URL",
            "created": "2009-10-11 04:23:54",
            "locale": "en-US",
            "modified": null,
            "id": 580872,
            "localized_string_clean": "SEMRush.com russian database search.\nEnter your domain, keyword or URL"
        }
    },
    {
        "pk": 627458,
        "model": "translations.translation",
        "fields": {
            "localized_string": "SEMRush.com was designed by the developers of SeoDigger and SeoQuake to satisfy your needs in advanced SEM and keywords research.\r\n\r\nWith this service you can:\r\n* Get list of Google keywords for any site\r\n* Get list of AdWords keywords for any site\r\n* Get list of your competitors in organic and paid Google search results\r\n* Get estimated SE and AdWords traffic for any domain\r\n* Get hidden related (and low-cost) keywords to optimize your AdWords campaign",
            "created": "2009-10-11 04:23:54",
            "locale": "en-US",
            "modified": null,
            "id": 580878,
            "localized_string_clean": "SEMRush.com was designed by the developers of SeoDigger and SeoQuake to satisfy your needs in advanced SEM and keywords research.\n\nWith this service you can:\n* Get list of Google keywords for any site\n* Get list of AdWords keywords for any site\n* Get list of your competitors in organic and paid Google search results\n* Get estimated SE and AdWords traffic for any domain\n* Get hidden related (and low-cost) keywords to optimize your AdWords campaign"
        }
    },
    {
        "pk": 627464,
        "model": "translations.translation",
        "fields": {
            "localized_string": "http://www.semrush.com",
            "created": "2009-10-11 04:27:19",
            "locale": "en-US",
            "modified": null,
            "id": 580882,
            "localized_string_clean": null
        }
    },
    {
        "pk": 627463,
        "model": "translations.translation",
        "fields": {
            "localized_string": "http://www.semrush.com",
            "created": "2009-10-11 04:27:19",
            "locale": "en-US",
            "modified": null,
            "id": 580881,
            "localized_string_clean": null
        }
    },
    {
        "pk": 627462,
        "model": "translations.translation",
        "fields": {
            "localized_string": "SEMRush.com (ru)",
            "created": "2009-10-11 04:27:19",
            "locale": "en-US",
            "modified": null,
            "id": 580871,
            "localized_string_clean": null
        }
    },
    {
        "pk": 565584,
        "model": "translations.translation",
        "fields": {
            "localized_string": "Bash.org.ru citations search\r\nEnter the text or a number of citations",
            "created": "2009-08-15 07:16:53",
            "locale": "en-US",
            "modified": "2009-08-15 08:11:42",
            "id": 523078,
            "localized_string_clean": "Bash.org.ru citations search\nEnter the text or a number of citations"
        }
    },
    {
        "pk": 565613,
        "model": "translations.translation",
        "fields": {
            "localized_string": "\u041f\u043e\u0438\u0441\u043a \u0446\u0438\u0442\u0430\u0442 \u043d\u0430 bash.org.ru",
            "created": "2009-08-15 07:40:17",
            "locale": "ru",
            "modified": null,
            "id": 523104,
            "localized_string_clean": "\u041f\u043e\u0438\u0441\u043a \u0446\u0438\u0442\u0430\u0442 \u043d\u0430 bash.org.ru"
        }
    },
    {
        "pk": 565609,
        "model": "translations.translation",
        "fields": {
            "localized_string": "http://bash.org.ru",
            "created": "2009-08-15 07:38:03",
            "locale": "en-US",
            "modified": "2009-08-15 07:44:41",
            "id": 523101,
            "localized_string_clean": null
        }
    },
    {
        "pk": 565582,
        "model": "translations.translation",
        "fields": {
            "localized_string": "Bash.org.ru citations",
            "created": "2009-08-15 07:38:03",
            "locale": "en-US",
            "modified": "2009-08-15 08:12:27",
            "id": 523077,
            "localized_string_clean": null
        }
    },
    {
        "pk": 416224,
        "model": "translations.translation",
        "fields": {
            "localized_string": "Search in mastertalk.ru forum",
            "created": "2009-05-07 22:51:32",
            "locale": "en-US",
            "modified": null,
            "id": 377819,
            "localized_string_clean": "Search in mastertalk.ru forum"
        }
    },
    {
        "pk": 416228,
        "model": "translations.translation",
        "fields": {
            "localized_string": "Search in mastertalk.ru forum",
            "created": "2009-05-07 22:51:32",
            "locale": "en-US",
            "modified": null,
            "id": 377822,
            "localized_string_clean": "Search in mastertalk.ru forum"
        }
    },
    {
        "pk": 416230,
        "model": "translations.translation",
        "fields": {
            "localized_string": "http://mastertalk.ru",
            "created": "2009-05-07 22:52:14",
            "locale": "en-US",
            "modified": null,
            "id": 377823,
            "localized_string_clean": null
        }
    },
    {
        "pk": 416222,
        "model": "translations.translation",
        "fields": {
            "localized_string": "Mastertalk.ru",
            "created": "2009-05-07 22:52:13",
            "locale": "en-US",
            "modified": null,
            "id": 377818,
            "localized_string_clean": null
        }
    },
    {
        "pk": 415926,
        "model": "translations.translation",
        "fields": {
            "localized_string": "Searchengines.ru forum search",
            "created": "2009-05-07 11:06:51",
            "locale": "en-US",
            "modified": null,
            "id": 377530,
            "localized_string_clean": "Searchengines.ru forum search"
        }
    },
    {
        "pk": 415930,
        "model": "translations.translation",
        "fields": {
            "localized_string": "Searchengines.ru forum search",
            "created": "2009-05-07 11:06:52",
            "locale": "en-US",
            "modified": null,
            "id": 377533,
            "localized_string_clean": "Searchengines.ru forum search"
        }
    },
    {
        "pk": 415932,
        "model": "translations.translation",
        "fields": {
            "localized_string": "http://forum.searchengines.ru",
            "created": "2009-05-07 11:07:33",
            "locale": "en-US",
            "modified": "2009-05-07 22:12:56",
            "id": 377534,
            "localized_string_clean": null
        }
    },
    {
        "pk": 415924,
        "model": "translations.translation",
        "fields": {
            "localized_string": "Searchengines.ru",
            "created": "2009-05-07 11:07:32",
            "locale": "en-US",
            "modified": null,
            "id": 377529,
            "localized_string_clean": null
        }
    },
    {
        "pk": 415894,
        "model": "translations.translation",
        "fields": {
            "localized_string": "Search in SAPE forum",
            "created": "2009-05-07 10:42:44",
            "locale": "en-US",
            "modified": null,
            "id": 377501,
            "localized_string_clean": "Search in SAPE forum"
        }
    },
    {
        "pk": 415906,
        "model": "translations.translation",
        "fields": {
            "localized_string": "Search in SAPE forum",
            "created": "2009-05-07 10:44:01",
            "locale": "en-US",
            "modified": null,
            "id": 377512,
            "localized_string_clean": "Search in SAPE forum"
        }
    },
    {
        "pk": 415911,
        "model": "translations.translation",
        "fields": {
            "localized_string": "http://forum.sape.ru",
            "created": "2009-05-07 10:45:17",
            "locale": "en-US",
            "modified": "2009-05-07 22:37:25",
            "id": 377516,
            "localized_string_clean": null
        }
    },
    {
        "pk": 415910,
        "model": "translations.translation",
        "fields": {
            "localized_string": "http://forum.sape.ru",
            "created": "2009-05-07 10:45:16",
            "locale": "en-US",
            "modified": "2009-05-07 22:37:24",
            "id": 377515,
            "localized_string_clean": null
        }
    },
    {
        "pk": 4,
        "model": "addons.addontype",
        "fields": {
            "name": 4,
            "created": "2006-08-21 23:53:36",
            "description": 151,
            "modified": "2009-02-06 08:42:28",
            "name_plural": 145
        }
    },
    {
        "pk": 415892,
        "model": "translations.translation",
        "fields": {
            "localized_string": "Forum sape.ru",
            "created": "2009-05-07 10:45:16",
            "locale": "en-US",
            "modified": null,
            "id": 377500,
            "localized_string_clean": null
        }
    },
    {
        "pk": 602710,
        "model": "translations.translation",
        "fields": {
            "localized_string": "\u041f\u043e\u0441\u043b\u0435\u0434\u043d\u044e\u044e \u0432\u0435\u0440\u0441\u0438\u044e <b>1.32.3 \u043e\u0442 19.02.2010 \u0433.</b> \u043c\u043e\u0436\u043d\u043e \u043f\u043e\u043b\u0443\u0447\u0438\u0442\u044c <a href=\"http://forum.sape.ru/showthread.php?t=17226\">\u0432 \u0442\u0435\u043c\u0435 \u043f\u043e\u0434\u0434\u0435\u0440\u0436\u043a\u0438</a> \u043d\u0430 \u0444\u043e\u0440\u0443\u043c\u0435 \u0431\u0438\u0440\u0436\u0438.",
            "created": "2009-09-16 04:58:49",
            "locale": "ru",
            "modified": "2010-02-19 07:36:18",
            "id": 558043,
            "localized_string_clean": "\u041f\u043e\u0441\u043b\u0435\u0434\u043d\u044e\u044e \u0432\u0435\u0440\u0441\u0438\u044e <b>1.32.3 \u043e\u0442 19.02.2010 \u0433.</b> \u043c\u043e\u0436\u043d\u043e \u043f\u043e\u043b\u0443\u0447\u0438\u0442\u044c <a href=\"http://outgoing.mozilla.org/v1/cc080f3c21281baed85f65e4c6615c307f2528b9/http%3A//forum.sape.ru/showthread.php%3Ft%3D17226\">\u0432 \u0442\u0435\u043c\u0435 \u043f\u043e\u0434\u0434\u0435\u0440\u0436\u043a\u0438</a> \u043d\u0430 \u0444\u043e\u0440\u0443\u043c\u0435 \u0431\u0438\u0440\u0436\u0438."
        }
    },
    {
        "pk": 259945,
        "model": "translations.translation",
        "fields": {
            "localized_string": "Toolbar contains a set of functions, which expands the abilities of webmasters and optimizers, when working in the interface of SAPE exchange.",
            "created": "2008-09-01 07:19:17",
            "locale": "en-US",
            "modified": "2009-05-04 00:55:41",
            "id": 222548,
            "localized_string_clean": "Toolbar contains a set of functions, which expands the abilities of webmasters and optimizers, when working in the interface of SAPE exchange."
        }
    },
    {
        "pk": 259935,
        "model": "translations.translation",
        "fields": {
            "localized_string": "Toolbar contains a set of functions, which expands the abilities of webmasters and optimizers, when working in the interface of SAPE exchange.\r\n\r\n<b>Optimizers\u2019 interface</b>\r\n\r\n- Checking of YAP, YAL, GC directly in the exchange interface\r\n- Ability to display actual PageRank of purchased pages and TIC of websites without waiting for recalculation\r\n- Checking for paste together of TIC and PageRank of pages with placed links.\r\n- Selective export of placed links into text file (ticked links are exported) \r\n- Control of URL of purchased pages and new requests\r\n- Export of local and global blacklists\r\n- Export of notifications into text file\r\n\r\n<b>Webmaster interface</b>\r\n\r\n- Checking of indexing of website pages in Yandex\r\n- Control of URL of pages prior to moderation of platform (marking of pages with sessions, profiles, pages of search and so on)\r\n- Checking of actual value of PageRank of website pages\r\n- Export of optimization links into a text file and form of fast ticking of the list of URLs on page with placed links\r\n- Checking of indexing of pages, on which optimization links refer, in Yandex\r\n- Ability to display value of TIC of optimizers\u2019 sites\r\n- Display of current dollar rate and currency calculator on funds withdrawal page  \r\n- Export of local and global blacklists\r\n- Fast elimination of spam-requests using a set of corresponding filters on page with new requests\r\n\r\n<b>Filter of requests</b>\r\n\r\nFast allocation and marking of the following types of requests:\r\n- with two same words in a row\r\n- with three same words in the text\r\n- in which two pairs of same words are present\r\n- longer than 50 symbols\r\n- longer than 75 symbols\r\n- without Russian letters\r\n- only capital letters\r\n- starting not with letters, but with numbers (dot at the beginning and so on)\r\n- containing dual, indissoluble blanks and tabulation symbols\r\n- any other customer filter, set by a regular expression\r\n\r\nFor filters, using comparison of words, it is possible to use non-strict comparison (when words differ with endings) \r\nAlso there is an option to create a customized set of frequently used filters and place its consistent request on one button.\r\n\r\nFor all types of checking, which take significant amount of time, a possibility to set a timeout between requests is provided, pop-up prompts about beginning/end of checking and sound notifications available (if necessary).\r\n\r\nAdditional buttons allow removing marks from all requests, open SAPE or forum and easily switching visibility of the toolbar",
            "created": "2009-05-04 00:55:42",
            "locale": "en-US",
            "modified": "2009-11-16 07:30:50",
            "id": 222542,
            "localized_string_clean": "Toolbar contains a set of functions, which expands the abilities of webmasters and optimizers, when working in the interface of SAPE exchange.\n\n<b>Optimizers\u2019 interface</b>\n\n- Checking of YAP, YAL, GC directly in the exchange interface\n- Ability to display actual PageRank of purchased pages and TIC of websites without waiting for recalculation\n- Checking for paste together of TIC and PageRank of pages with placed links.\n- Selective export of placed links into text file (ticked links are exported) \n- Control of URL of purchased pages and new requests\n- Export of local and global blacklists\n- Export of notifications into text file\n\n<b>Webmaster interface</b>\n\n- Checking of indexing of website pages in Yandex\n- Control of URL of pages prior to moderation of platform (marking of pages with sessions, profiles, pages of search and so on)\n- Checking of actual value of PageRank of website pages\n- Export of optimization links into a text file and form of fast ticking of the list of URLs on page with placed links\n- Checking of indexing of pages, on which optimization links refer, in Yandex\n- Ability to display value of TIC of optimizers\u2019 sites\n- Display of current dollar rate and currency calculator on funds withdrawal page  \n- Export of local and global blacklists\n- Fast elimination of spam-requests using a set of corresponding filters on page with new requests\n\n<b>Filter of requests</b>\n\nFast allocation and marking of the following types of requests:\n- with two same words in a row\n- with three same words in the text\n- in which two pairs of same words are present\n- longer than 50 symbols\n- longer than 75 symbols\n- without Russian letters\n- only capital letters\n- starting not with letters, but with numbers (dot at the beginning and so on)\n- containing dual, indissoluble blanks and tabulation symbols\n- any other customer filter, set by a regular expression\n\nFor filters, using comparison of words, it is possible to use non-strict comparison (when words differ with endings) \nAlso there is an option to create a customized set of frequently used filters and place its consistent request on one button.\n\nFor all types of checking, which take significant amount of time, a possibility to set a timeout between requests is provided, pop-up prompts about beginning/end of checking and sound notifications available (if necessary).\n\nAdditional buttons allow removing marks from all requests, open SAPE or forum and easily switching visibility of the toolbar"
        }
    },
    {
        "pk": 259939,
        "model": "translations.translation",
        "fields": {
            "localized_string": "http://forum.sape.ru/",
            "created": "2008-08-29 07:08:47",
            "locale": "ru",
            "modified": "2009-07-05 05:43:00",
            "id": 222544,
            "localized_string_clean": null
        }
    },
    {
        "pk": 1,
        "model": "addons.addontype",
        "fields": {
            "name": 39109,
            "created": "2006-08-21 23:53:19",
            "description": 39111,
            "modified": "2009-02-06 08:42:28",
            "name_plural": 39112
        }
    },
    {
        "pk": 259942,
        "model": "translations.translation",
        "fields": {
            "localized_string": "Webmaster SAPE",
            "created": "2008-09-01 07:19:17",
            "locale": "en-US",
            "modified": "2009-03-26 11:03:41",
            "id": 222546,
            "localized_string_clean": null
        }
    },
    {
        "pk": 14892,
        "model": "addons.addon",
        "fields": {
            "dev_agreement": 1,
            "eula": null,
            "last_updated": "2009-10-19 18:00:57",
            "view_source": 0,
            "enable_thankyou": 0,
            "total_downloads": 1358,
            "developer_comments": null,
            "inactive": 0,
            "average_daily_downloads": 10,
            "show_beta": 1,
            "guid": null,
            "trusted": 0,
            "locale_disambiguation": null,
            "binary": 0,
            "the_future": null,
            "weekly_downloads": 64,
            "support_url": 580882,
            "paypal_id": "",
            "wants_contributions": 0,
            "average_daily_users": 0,
            "bayesian_rating": 0.0,
            "share_count": 0,
            "get_satisfaction_company": null,
            "homepage": 580881,
            "support_email": null,
            "public_stats": 0,
            "status": 4,
            "privacy_policy": null,
            "description": 580878,
            "default_locale": "en-US",
            "target_locale": null,
            "prerelease": 0,
            "thankyou_note": null,
            "admin_review": 0,
            "external_software": 0,
            "highest_status": 4,
            "get_satisfaction_product": null,
            "name": 580871,
            "created": "2009-10-11 04:11:37",
            "type": 4,
            "icon_type": "image/png",
            "annoying": 0,
            "modified": "2009-10-20 09:50:19",
            "summary": 580872,
            "suggested_amount": null,
            "site_specific": 0,
            "total_reviews": 0,
            "the_reason": null,
            "nomination_date": "2009-10-11 04:31:14"
        }
    },
    {
        "pk": 13714,
        "model": "addons.addon",
        "fields": {
            "dev_agreement": 1,
            "eula": null,
            "last_updated": "2009-09-25 06:52:51",
            "view_source": 0,
            "enable_thankyou": 0,
            "total_downloads": 3417,
            "developer_comments": null,
            "inactive": 0,
            "average_daily_downloads": 18,
            "show_beta": 1,
            "guid": null,
            "trusted": 0,
            "locale_disambiguation": null,
            "binary": 0,
            "the_future": null,
            "weekly_downloads": 225,
            "support_url": null,
            "paypal_id": "",
            "average_rating": "5.00",
            "wants_contributions": 0,
            "average_daily_users": 0,
            "bayesian_rating": 4.0878300000000003,
            "share_count": 0,
            "get_satisfaction_company": null,
            "homepage": 523101,
            "support_email": null,
            "public_stats": 1,
            "status": 4,
            "privacy_policy": null,
            "description": 523104,
            "default_locale": "ru",
            "target_locale": null,
            "prerelease": 0,
            "thankyou_note": null,
            "admin_review": 0,
            "external_software": 0,
            "highest_status": 4,
            "get_satisfaction_product": null,
            "name": 523077,
            "created": "2009-08-15 07:13:09",
            "type": 4,
            "icon_type": "image/png",
            "annoying": 0,
            "modified": "2009-10-07 11:04:54",
            "summary": 523078,
            "suggested_amount": null,
            "site_specific": 0,
            "total_reviews": 1,
            "the_reason": null,
            "nomination_date": "2009-08-15 07:50:42"
        }
    },
    {
        "pk": 11866,
        "model": "addons.addon",
        "fields": {
            "dev_agreement": 1,
            "eula": null,
            "last_updated": "2009-06-14 17:36:39",
            "view_source": 0,
            "enable_thankyou": 0,
            "total_downloads": 3141,
            "developer_comments": null,
            "inactive": 0,
            "average_daily_downloads": 11,
            "show_beta": 1,
            "guid": null,
            "trusted": 0,
            "locale_disambiguation": null,
            "binary": 0,
            "the_future": null,
            "weekly_downloads": 31,
            "support_url": null,
            "paypal_id": "",
            "wants_contributions": 0,
            "average_daily_users": 0,
            "bayesian_rating": 0.0,
            "share_count": 0,
            "get_satisfaction_company": null,
            "homepage": 377823,
            "support_email": null,
            "public_stats": 1,
            "status": 4,
            "privacy_policy": null,
            "description": 377822,
            "default_locale": "ru",
            "target_locale": null,
            "prerelease": 0,
            "thankyou_note": null,
            "admin_review": 0,
            "external_software": 0,
            "highest_status": 4,
            "get_satisfaction_product": null,
            "name": 377818,
            "created": "2009-05-07 22:49:37",
            "type": 4,
            "icon_type": "image/png",
            "annoying": 0,
            "modified": "2009-06-14 17:36:39",
            "summary": 377819,
            "suggested_amount": null,
            "site_specific": 0,
            "total_reviews": 0,
            "the_reason": null,
            "nomination_date": "2009-06-04 21:04:04"
        }
    },
    {
        "pk": 11855,
        "model": "addons.addon",
        "fields": {
            "dev_agreement": 1,
            "eula": null,
            "last_updated": "2009-06-04 16:41:26",
            "view_source": 0,
            "enable_thankyou": 0,
            "total_downloads": 4736,
            "developer_comments": null,
            "inactive": 0,
            "average_daily_downloads": 16,
            "show_beta": 1,
            "guid": null,
            "trusted": 0,
            "locale_disambiguation": null,
            "binary": 0,
            "the_future": null,
            "weekly_downloads": 64,
            "support_url": null,
            "paypal_id": "",
            "average_rating": "5.00",
            "wants_contributions": 0,
            "average_daily_users": 0,
            "bayesian_rating": 4.1281499999999998,
            "share_count": 0,
            "get_satisfaction_company": null,
            "homepage": 377534,
            "support_email": null,
            "public_stats": 1,
            "status": 4,
            "privacy_policy": null,
            "description": 377533,
            "default_locale": "ru",
            "target_locale": null,
            "prerelease": 0,
            "thankyou_note": null,
            "admin_review": 0,
            "external_software": 0,
            "highest_status": 4,
            "get_satisfaction_product": null,
            "name": 377529,
            "created": "2009-05-07 11:05:28",
            "type": 4,
            "icon_type": "image/png",
            "annoying": 0,
            "modified": "2009-06-04 16:41:27",
            "summary": 377530,
            "suggested_amount": null,
            "site_specific": 0,
            "total_reviews": 2,
            "the_reason": null,
            "nomination_date": "2009-05-07 11:12:01"
        }
    },
    {
        "pk": 11854,
        "model": "addons.addon",
        "fields": {
            "dev_agreement": 1,
            "eula": null,
            "last_updated": "2009-06-04 16:39:29",
            "view_source": 0,
            "enable_thankyou": 0,
            "total_downloads": 4697,
            "developer_comments": null,
            "inactive": 0,
            "average_daily_downloads": 16,
            "show_beta": 1,
            "guid": null,
            "trusted": 0,
            "locale_disambiguation": null,
            "binary": 0,
            "the_future": null,
            "weekly_downloads": 51,
            "support_url": 377516,
            "paypal_id": "",
            "wants_contributions": 0,
            "average_daily_users": 0,
            "bayesian_rating": 0.0,
            "share_count": 0,
            "get_satisfaction_company": null,
            "homepage": 377515,
            "support_email": null,
            "public_stats": 1,
            "status": 4,
            "privacy_policy": null,
            "description": 377512,
            "default_locale": "ru",
            "target_locale": null,
            "prerelease": 0,
            "thankyou_note": null,
            "admin_review": 0,
            "external_software": 0,
            "highest_status": 4,
            "get_satisfaction_product": null,
            "name": 377500,
            "created": "2009-05-07 10:23:26",
            "type": 4,
            "icon_type": "image/png",
            "annoying": 0,
            "modified": "2009-06-04 16:39:29",
            "summary": 377501,
            "suggested_amount": null,
            "site_specific": 0,
            "total_reviews": 0,
            "the_reason": null,
            "nomination_date": "2009-05-07 11:01:47"
        }
    },
    {
        "pk": 2488420,
        "model": "users.userprofile",
        "fields": {
            "sandboxshown": 1,
            "display_collections_fav": 0,
            "display_collections": 0,
            "averagerating": "4.93",
            "confirmationcode": "",
            "notifycompat": 1,
            "picture_type": "",
            "occupation": "\u041f\u0440\u043e\u0433\u0440\u0430\u043c\u043c\u0438\u0441\u0442",
            "homepage": "http://www.podvalchik.ru",
            "email": "2488420@yermom.com",
            "location": "\u0420\u043e\u0441\u0441\u0438\u044f, \u041e\u043c\u0441\u043a",
            "bio": null,
            "firstname": "Andrew",
            "deleted": 0,
            "lastname": "Remennikov",
            "emailhidden": 1,
            "user": null,
            "password": "yermom",
            "nickname": "Wink-RU",
            "resetcode": "",
            "created": "2008-08-29 06:53:46",
            "modified": "2009-09-26 21:25:10",
            "notifyevents": 1
        }
    },
    {
        "pk": 8680,
        "model": "addons.addon",
        "fields": {
            "dev_agreement": 1,
            "eula": null,
            "last_updated": "2010-01-14 14:15:28",
            "view_source": 0,
            "enable_thankyou": 0,
            "total_downloads": 86000,
            "developer_comments": 558043,
            "inactive": 0,
            "average_daily_downloads": 158,
            "show_beta": 1,
            "guid": "toolbar@sape.ru",
            "trusted": 0,
            "locale_disambiguation": null,
            "binary": 0,
            "the_future": null,
            "weekly_downloads": 1252,
            "support_url": 222544,
            "paypal_id": "",
            "average_rating": "4.93",
            "wants_contributions": 0,
            "average_daily_users": 5587,
            "bayesian_rating": 4.7745699999999998,
            "share_count": 0,
            "get_satisfaction_company": null,
            "homepage": null,
            "support_email": null,
            "public_stats": 1,
            "status": 4,
            "privacy_policy": null,
            "description": 222542,
            "default_locale": "ru",
            "target_locale": null,
            "prerelease": 0,
            "thankyou_note": null,
            "admin_review": 0,
            "external_software": 0,
            "highest_status": 4,
            "get_satisfaction_product": null,
            "name": 222546,
            "created": "2008-08-29 07:02:08",
            "type": 1,
            "icon_type": "image/png",
            "annoying": 0,
            "modified": "2009-12-06 03:06:48",
            "summary": 222548,
            "suggested_amount": null,
            "site_specific": 1,
            "total_reviews": 97,
            "the_reason": null,
            "nomination_date": "2009-09-07 05:51:14"
        }
    },
    {
        "pk": 13741,
        "model": "addons.addonuser",
        "fields": {
            "position": 0,
            "addon": 14892,
            "role": 5,
            "listed": 1,
            "user": 2488420
        }
    },
    {
        "pk": 12600,
        "model": "addons.addonuser",
        "fields": {
            "position": 0,
            "addon": 13714,
            "role": 5,
            "listed": 1,
            "user": 2488420
        }
    },
    {
        "pk": 10897,
        "model": "addons.addonuser",
        "fields": {
            "position": 0,
            "addon": 11866,
            "role": 5,
            "listed": 1,
            "user": 2488420
        }
    },
    {
        "pk": 10886,
        "model": "addons.addonuser",
        "fields": {
            "position": 0,
            "addon": 11855,
            "role": 5,
            "listed": 1,
            "user": 2488420
        }
    },
    {
        "pk": 10885,
        "model": "addons.addonuser",
        "fields": {
            "position": 0,
            "addon": 11854,
            "role": 5,
            "listed": 1,
            "user": 2488420
        }
    },
    {
        "pk": 7684,
        "model": "addons.addonuser",
        "fields": {
            "position": 0,
            "addon": 8680,
            "role": 5,
            "listed": 1,
            "user": 2488420
        }
    },
    {
        "pk": 704873,
        "model": "translations.translation",
        "fields": {
            "localized_string_clean": "I'm a web developer, web designer, social marketing consultant and online marketer.\n\nI have 12 years of experience in this field. I have my own web development company and have also worked as a consultant.\n\nI'm a keen blogger. WordPress is my favorite blogging platform. I specialize in developing themes and customizing WordPress installations. \n\nRight now I'm working on a website at <a href=\"http://outgoing.mozilla.org/v1/12707f0053592834b8df1a584b917e04227567f7/http%3A//www.agilewordpress.com\">http://www.agilewordpress.com</a> which is my way of giving back to the community that has given me so much",
            "created": "2009-10-27 10:55:05",
            "locale": "en-US",
            "modified": "2009-10-27 10:56:41",
            "id": 657108,
            "localized_string": "I'm a web developer, web designer, social marketing consultant and online marketer.\r\n\r\nI have 12 years of experience in this field. I have my own web development company and have also worked as a consultant.\r\n\r\nI'm a keen blogger. WordPress is my favorite blogging platform. I specialize in developing themes and customizing WordPress installations. \r\n\r\nRight now I'm working on a website at http://www.agilewordpress.com which is my way of giving back to the community that has given me so much"
        }
    },
    {
        "pk": 907925,
        "model": "translations.translation",
        "fields": {
            "localized_string_clean": "\u041f\u043e\u0434\u0431\u043e\u0440\u043a\u0430 \u0434\u043e\u043f\u043e\u043b\u043d\u0435\u043d\u0438\u0439 \u043e\u0431\u043b\u0435\u0433\u0447\u0430\u044e\u0449\u0430\u044f \u0432\u0435\u0431-\u0440\u0430\u0437\u0440\u0430\u0431\u043e\u0442\u043a\u0443 \u0438 \u0441\u043e\u043f\u0440\u043e\u0432\u043e\u0436\u0434\u0435\u043d\u0438\u0435 \u0441\u043e\u0437\u0434\u0430\u043d\u043d\u044b\u0445 \u043f\u0440\u043e\u0435\u043a\u0442\u043e\u0432.",
            "created": "2010-02-21 00:47:54",
            "locale": "ru",
            "modified": null,
            "id": 849198,
            "localized_string": "\u041f\u043e\u0434\u0431\u043e\u0440\u043a\u0430 \u0434\u043e\u043f\u043e\u043b\u043d\u0435\u043d\u0438\u0439 \u043e\u0431\u043b\u0435\u0433\u0447\u0430\u044e\u0449\u0430\u044f \u0432\u0435\u0431-\u0440\u0430\u0437\u0440\u0430\u0431\u043e\u0442\u043a\u0443 \u0438 \u0441\u043e\u043f\u0440\u043e\u0432\u043e\u0436\u0434\u0435\u043d\u0438\u0435 \u0441\u043e\u0437\u0434\u0430\u043d\u043d\u044b\u0445 \u043f\u0440\u043e\u0435\u043a\u0442\u043e\u0432."
        }
    },
    {
        "pk": 907924,
        "model": "translations.translation",
        "fields": {
            "localized_string_clean": null,
            "created": "2010-02-21 00:47:50",
            "locale": "ru",
            "modified": null,
            "id": 849197,
            "localized_string": "\u0412\u0435\u0431-\u0440\u0430\u0437\u0440\u0430\u0431\u043e\u0442\u043a\u0430 \u0438 \u0441\u043e\u043f\u0440\u043e\u0432\u043e\u0436\u0434\u0435\u043d\u0438\u0435"
        }
    },
    {
        "pk": 906021,
        "model": "translations.translation",
        "fields": {
            "localized_string_clean": "\u0410\u0432\u0442\u043e\u043c\u0430\u0442\u0438\u0447\u0435\u0441\u043a\u0438 \u0441\u0433\u0435\u043d\u0435\u0440\u0438\u0440\u043e\u0432\u0430\u043d\u043d\u044b\u0439 \u0441\u043f\u0438\u0441\u043e\u043a \u0443\u0441\u0442\u0430\u043d\u043e\u0432\u043b\u0435\u043d\u043d\u044b\u0445 \u0443 \u043c\u0435\u043d\u044f \u0434\u043e\u043f\u043e\u043b\u043d\u0435\u043d\u0438\u0439",
            "created": "2010-02-20 00:50:34",
            "locale": "en-US",
            "modified": "2010-02-20 00:50:36",
            "id": 847345,
            "localized_string": "\u0410\u0432\u0442\u043e\u043c\u0430\u0442\u0438\u0447\u0435\u0441\u043a\u0438 \u0441\u0433\u0435\u043d\u0435\u0440\u0438\u0440\u043e\u0432\u0430\u043d\u043d\u044b\u0439 \u0441\u043f\u0438\u0441\u043e\u043a \u0443\u0441\u0442\u0430\u043d\u043e\u0432\u043b\u0435\u043d\u043d\u044b\u0445 \u0443 \u043c\u0435\u043d\u044f \u0434\u043e\u043f\u043e\u043b\u043d\u0435\u043d\u0438\u0439"
        }
    },
    {
        "pk": 906020,
        "model": "translations.translation",
        "fields": {
            "localized_string_clean": null,
            "created": "2010-02-20 00:50:31",
            "locale": "en-US",
            "modified": "2010-02-20 00:50:36",
            "id": 847344,
            "localized_string": "Home Business Auto"
        }
    },
    {
        "pk": 895608,
        "model": "translations.translation",
        "fields": {
            "localized_string_clean": "Eine automatisch erzeugte Liste meiner installierten Add-ons",
            "created": "2010-02-16 00:32:38",
            "locale": "en-US",
            "modified": "2010-02-16 01:15:35",
            "id": 837299,
            "localized_string": "Eine automatisch erzeugte Liste meiner installierten Add-ons"
        }
    },
    {
        "pk": 895607,
        "model": "translations.translation",
        "fields": {
            "localized_string_clean": null,
            "created": "2010-02-16 00:32:37",
            "locale": "en-US",
            "modified": "2010-02-16 01:15:35",
            "id": 837298,
            "localized_string": "administrator"
        }
    },
    {
        "pk": 883587,
        "model": "translations.translation",
        "fields": {
            "localized_string_clean": "\u041d\u0430\u0441\u0442\u043e\u044f\u0449\u0438\u0439 \u0432\u044b\u0431\u043e\u0440 \u0444\u043e\u0442\u043e\u0433\u0440\u0430\u0444\u0430!",
            "created": "2010-02-10 06:22:11",
            "locale": "ru",
            "modified": null,
            "id": 825996,
            "localized_string": "\u041d\u0430\u0441\u0442\u043e\u044f\u0449\u0438\u0439 \u0432\u044b\u0431\u043e\u0440 \u0444\u043e\u0442\u043e\u0433\u0440\u0430\u0444\u0430!"
        }
    },
    {
        "pk": 883586,
        "model": "translations.translation",
        "fields": {
            "localized_string_clean": null,
            "created": "2010-02-10 06:22:10",
            "locale": "ru",
            "modified": null,
            "id": 825995,
            "localized_string": "Photograph choice!!!"
        }
    },
    {
        "pk": 834361,
        "model": "translations.translation",
        "fields": {
            "localized_string_clean": "\u0410\u0432\u0442\u043e\u043c\u0430\u0442\u0438\u0447\u0435\u0441\u043a\u0438 \u0441\u0433\u0435\u043d\u0435\u0440\u0438\u0440\u043e\u0432\u0430\u043d\u043d\u044b\u0439 \u0441\u043f\u0438\u0441\u043e\u043a \u0443\u0441\u0442\u0430\u043d\u043e\u0432\u043b\u0435\u043d\u043d\u044b\u0445 \u0443 \u043c\u0435\u043d\u044f \u0434\u043e\u043f\u043e\u043b\u043d\u0435\u043d\u0438\u0439",
            "created": "2010-01-24 01:46:02",
            "locale": "en-US",
            "modified": "2010-01-24 01:46:03",
            "id": 778541,
            "localized_string": "\u0410\u0432\u0442\u043e\u043c\u0430\u0442\u0438\u0447\u0435\u0441\u043a\u0438 \u0441\u0433\u0435\u043d\u0435\u0440\u0438\u0440\u043e\u0432\u0430\u043d\u043d\u044b\u0439 \u0441\u043f\u0438\u0441\u043e\u043a \u0443\u0441\u0442\u0430\u043d\u043e\u0432\u043b\u0435\u043d\u043d\u044b\u0445 \u0443 \u043c\u0435\u043d\u044f \u0434\u043e\u043f\u043e\u043b\u043d\u0435\u043d\u0438\u0439"
        }
    },
    {
        "pk": 834360,
        "model": "translations.translation",
        "fields": {
            "localized_string_clean": null,
            "created": "2010-01-24 01:45:54",
            "locale": "en-US",
            "modified": "2010-01-24 01:46:03",
            "id": 778540,
            "localized_string": "Nevkontakte"
        }
    },
    {
        "pk": 806837,
        "model": "translations.translation",
        "fields": {
            "localized_string_clean": "\u041f\u043e\u0434\u0431\u043e\u0440\u043a\u0430 \u0434\u043b\u044f \u043b\u0438\u0447\u043d\u043e\u0433\u043e \u0443\u0434\u043e\u0431\u043d\u043e\u0433\u043e \u043f\u043e\u043b\u044c\u0437\u043e\u0432\u0430\u043d\u0438\u044f",
            "created": "2010-01-10 11:13:54",
            "locale": "ru",
            "modified": null,
            "id": 752882,
            "localized_string": "\u041f\u043e\u0434\u0431\u043e\u0440\u043a\u0430 \u0434\u043b\u044f \u043b\u0438\u0447\u043d\u043e\u0433\u043e \u0443\u0434\u043e\u0431\u043d\u043e\u0433\u043e \u043f\u043e\u043b\u044c\u0437\u043e\u0432\u0430\u043d\u0438\u044f"
        }
    },
    {
        "pk": 806836,
        "model": "translations.translation",
        "fields": {
            "localized_string_clean": null,
            "created": "2010-01-10 11:13:53",
            "locale": "ru",
            "modified": null,
            "id": 752881,
            "localized_string": "CRAZY"
        }
    },
    {
        "pk": 783211,
        "model": "translations.translation",
        "fields": {
            "localized_string_clean": "ffdsdfs",
            "created": "2009-12-22 06:20:35",
            "locale": "ru",
            "modified": null,
            "id": 730771,
            "localized_string": "ffdsdfs"
        }
    },
    {
        "pk": 783210,
        "model": "translations.translation",
        "fields": {
            "localized_string_clean": null,
            "created": "2009-12-22 06:20:35",
            "locale": "ru",
            "modified": null,
            "id": 730770,
            "localized_string": "Xalers_ULSU"
        }
    },
    {
        "pk": 771322,
        "model": "translations.translation",
        "fields": {
            "localized_string_clean": "Collection of useful extensions for power surfing and web development.",
            "created": "2009-12-13 21:57:54",
            "locale": "en-US",
            "modified": null,
            "id": 719623,
            "localized_string": "Collection of useful extensions for power surfing and web development."
        }
    },
    {
        "pk": 771321,
        "model": "translations.translation",
        "fields": {
            "localized_string_clean": null,
            "created": "2009-12-13 21:57:47",
            "locale": "en-US",
            "modified": "2009-12-13 22:00:35",
            "id": 719622,
            "localized_string": "keepaneye's power user & developer pack"
        }
    },
    {
        "pk": 756655,
        "model": "translations.translation",
        "fields": {
            "localized_string_clean": "boniks collections",
            "created": "2009-12-02 21:58:18",
            "locale": "ru",
            "modified": null,
            "id": 705785,
            "localized_string": "boniks collections"
        }
    },
    {
        "pk": 756654,
        "model": "translations.translation",
        "fields": {
            "localized_string_clean": null,
            "created": "2009-12-02 21:58:18",
            "locale": "ru",
            "modified": null,
            "id": 705784,
            "localized_string": "boniks"
        }
    },
    {
        "pk": 635786,
        "model": "translations.translation",
        "fields": {
            "localized_string_clean": "\u0410\u0432\u0442\u043e\u043c\u0430\u0442\u0438\u0447\u0435\u0441\u043a\u0438 \u0441\u0433\u0435\u043d\u0435\u0440\u0438\u0440\u043e\u0432\u0430\u043d\u043d\u044b\u0439 \u0441\u043f\u0438\u0441\u043e\u043a \u0443\u0441\u0442\u0430\u043d\u043e\u0432\u043b\u0435\u043d\u043d\u044b\u0445 \u0443 \u043c\u0435\u043d\u044f \u0434\u043e\u043f\u043e\u043b\u043d\u0435\u043d\u0438\u0439",
            "created": "2009-10-19 03:05:46",
            "locale": "en-US",
            "modified": "2009-10-19 03:05:47",
            "id": 588603,
            "localized_string": "\u0410\u0432\u0442\u043e\u043c\u0430\u0442\u0438\u0447\u0435\u0441\u043a\u0438 \u0441\u0433\u0435\u043d\u0435\u0440\u0438\u0440\u043e\u0432\u0430\u043d\u043d\u044b\u0439 \u0441\u043f\u0438\u0441\u043e\u043a \u0443\u0441\u0442\u0430\u043d\u043e\u0432\u043b\u0435\u043d\u043d\u044b\u0445 \u0443 \u043c\u0435\u043d\u044f \u0434\u043e\u043f\u043e\u043b\u043d\u0435\u043d\u0438\u0439"
        }
    },
    {
        "pk": 635785,
        "model": "translations.translation",
        "fields": {
            "localized_string_clean": null,
            "created": "2009-10-19 03:05:46",
            "locale": "en-US",
            "modified": "2009-10-19 03:05:47",
            "id": 588602,
            "localized_string": "aluminium"
        }
    },
    {
        "pk": 630873,
        "model": "translations.translation",
        "fields": {
            "localized_string_clean": "\u042d\u0442\u043e \u043c\u043e\u044f \u043f\u043e\u0434\u0431\u043e\u0440\u043e\u0447\u043a\u0430",
            "created": "2009-10-14 06:58:27",
            "locale": "ru",
            "modified": null,
            "id": 583998,
            "localized_string": "\u042d\u0442\u043e \u043c\u043e\u044f \u043f\u043e\u0434\u0431\u043e\u0440\u043e\u0447\u043a\u0430"
        }
    },
    {
        "pk": 630872,
        "model": "translations.translation",
        "fields": {
            "localized_string_clean": null,
            "created": "2009-10-14 06:58:27",
            "locale": "ru",
            "modified": null,
            "id": 583997,
            "localized_string": "SEO | Develop | COAKKICKING"
        }
    },
    {
        "pk": 611756,
        "model": "translations.translation",
        "fields": {
            "localized_string_clean": "\u0410\u0432\u0442\u043e\u043c\u0430\u0442\u0438\u0447\u0435\u0441\u043a\u0438 \u0441\u0433\u0435\u043d\u0435\u0440\u0438\u0440\u043e\u0432\u0430\u043d\u043d\u044b\u0439 \u0441\u043f\u0438\u0441\u043e\u043a \u0443\u0441\u0442\u0430\u043d\u043e\u0432\u043b\u0435\u043d\u043d\u044b\u0445 \u0443 \u043c\u0435\u043d\u044f \u0434\u043e\u043f\u043e\u043b\u043d\u0435\u043d\u0438\u0439",
            "created": "2009-09-25 01:24:13",
            "locale": "en-US",
            "modified": "2009-09-25 01:24:14",
            "id": 566406,
            "localized_string": "\u0410\u0432\u0442\u043e\u043c\u0430\u0442\u0438\u0447\u0435\u0441\u043a\u0438 \u0441\u0433\u0435\u043d\u0435\u0440\u0438\u0440\u043e\u0432\u0430\u043d\u043d\u044b\u0439 \u0441\u043f\u0438\u0441\u043e\u043a \u0443\u0441\u0442\u0430\u043d\u043e\u0432\u043b\u0435\u043d\u043d\u044b\u0445 \u0443 \u043c\u0435\u043d\u044f \u0434\u043e\u043f\u043e\u043b\u043d\u0435\u043d\u0438\u0439"
        }
    },
    {
        "pk": 611755,
        "model": "translations.translation",
        "fields": {
            "localized_string_clean": null,
            "created": "2009-09-25 01:24:13",
            "locale": "en-US",
            "modified": "2009-09-25 01:24:13",
            "id": 566405,
            "localized_string": "Tea with sugar"
        }
    },
    {
        "pk": 606397,
        "model": "translations.translation",
        "fields": {
            "localized_string_clean": "Ad1ce pack",
            "created": "2009-09-19 14:57:20",
            "locale": "ru",
            "modified": null,
            "id": 561465,
            "localized_string": "Ad1ce pack"
        }
    },
    {
        "pk": 606396,
        "model": "translations.translation",
        "fields": {
            "localized_string_clean": null,
            "created": "2009-09-19 14:57:20",
            "locale": "ru",
            "modified": null,
            "id": 561464,
            "localized_string": "Ad1ce pack"
        }
    },
    {
        "pk": 603053,
        "model": "translations.translation",
        "fields": {
            "localized_string_clean": "add on thong dung nhat",
            "created": "2009-09-16 10:31:05",
            "locale": "vi",
            "modified": null,
            "id": 558345,
            "localized_string": "add on thong dung nhat"
        }
    },
    {
        "pk": 603052,
        "model": "translations.translation",
        "fields": {
            "localized_string_clean": null,
            "created": "2009-09-16 10:31:05",
            "locale": "vi",
            "modified": null,
            "id": 558344,
            "localized_string": "tien ich"
        }
    },
    {
        "pk": 596068,
        "model": "translations.translation",
        "fields": {
            "localized_string_clean": "SEOs-Club",
            "created": "2009-09-10 02:39:24",
            "locale": "de",
            "modified": null,
            "id": 551866,
            "localized_string": "SEOs-Club"
        }
    },
    {
        "pk": 596067,
        "model": "translations.translation",
        "fields": {
            "localized_string_clean": null,
            "created": "2009-09-10 02:39:24",
            "locale": "de",
            "modified": null,
            "id": 551865,
            "localized_string": "SEOs-Club"
        }
    },
    {
        "pk": 594932,
        "model": "translations.translation",
        "fields": {
            "localized_string_clean": "It is my favorite addons",
            "created": "2009-09-09 00:08:44",
            "locale": "en-US",
            "modified": null,
            "id": 550789,
            "localized_string": "It is my favorite addons"
        }
    },
    {
        "pk": 594931,
        "model": "translations.translation",
        "fields": {
            "localized_string_clean": null,
            "created": "2009-09-09 00:08:44",
            "locale": "en-US",
            "modified": null,
            "id": 550788,
            "localized_string": "Dr.Fa@st linux"
        }
    },
    {
        "pk": 562936,
        "model": "translations.translation",
        "fields": {
            "localized_string_clean": "my plugins",
            "created": "2009-08-13 02:19:54",
            "locale": "ru",
            "modified": null,
            "id": 520490,
            "localized_string": "my plugins"
        }
    },
    {
        "pk": 562935,
        "model": "translations.translation",
        "fields": {
            "localized_string_clean": null,
            "created": "2009-08-13 02:19:54",
            "locale": "ru",
            "modified": null,
            "id": 520489,
            "localized_string": "z"
        }
    },
    {
        "pk": 560925,
        "model": "translations.translation",
        "fields": {
            "localized_string_clean": "All for quick editing site with maximum comfort while ;-)",
            "created": "2009-08-11 09:44:02",
            "locale": "en-US",
            "modified": "2009-09-16 00:11:25",
            "id": 518528,
            "localized_string": "All for quick editing site with maximum comfort while ;-)"
        }
    },
    {
        "pk": 560924,
        "model": "translations.translation",
        "fields": {
            "localized_string_clean": null,
            "created": "2009-08-11 09:44:02",
            "locale": "en-US",
            "modified": "2009-09-16 00:11:24",
            "id": 518527,
            "localized_string": "Quick editing site ( Web Developer )"
        }
    },
    {
        "pk": 540224,
        "model": "translations.translation",
        "fields": {
            "localized_string_clean": "\u0410\u0432\u0442\u043e\u043c\u0430\u0442\u0438\u0447\u0435\u0441\u043a\u0438 \u0441\u0433\u0435\u043d\u0435\u0440\u0438\u0440\u043e\u0432\u0430\u043d\u043d\u044b\u0439 \u0441\u043f\u0438\u0441\u043e\u043a \u0443\u0441\u0442\u0430\u043d\u043e\u0432\u043b\u0435\u043d\u043d\u044b\u0445 \u0443 \u043c\u0435\u043d\u044f \u0434\u043e\u043f\u043e\u043b\u043d\u0435\u043d\u0438\u0439",
            "created": "2009-07-26 13:20:12",
            "locale": "en-US",
            "modified": "2009-07-26 13:20:14",
            "id": 498358,
            "localized_string": "\u0410\u0432\u0442\u043e\u043c\u0430\u0442\u0438\u0447\u0435\u0441\u043a\u0438 \u0441\u0433\u0435\u043d\u0435\u0440\u0438\u0440\u043e\u0432\u0430\u043d\u043d\u044b\u0439 \u0441\u043f\u0438\u0441\u043e\u043a \u0443\u0441\u0442\u0430\u043d\u043e\u0432\u043b\u0435\u043d\u043d\u044b\u0445 \u0443 \u043c\u0435\u043d\u044f \u0434\u043e\u043f\u043e\u043b\u043d\u0435\u043d\u0438\u0439"
        }
    },
    {
        "pk": 540223,
        "model": "translations.translation",
        "fields": {
            "localized_string_clean": null,
            "created": "2009-07-26 13:20:12",
            "locale": "en-US",
            "modified": "2009-07-26 13:20:13",
            "id": 498357,
            "localized_string": "From Segr"
        }
    },
    {
        "pk": 533501,
        "model": "translations.translation",
        "fields": {
            "localized_string_clean": "\u041f\u043e\u043b\u0435\u0437\u043d\u044b\u0435 \u0434\u043e\u043f\u043e\u043b\u043d\u0435\u043d\u0438\u044f \u0434\u043b\u044f \u043f\u043e\u0435\u0437\u0434\u043a\u0438 \u0432 \u043a\u043e\u043c\u0430\u043d\u0434\u0438\u0440\u043e\u0432\u043a\u0443 \u043e\u0442 \u0412\u0430\u0441\u0438",
            "created": "2009-07-22 06:23:29",
            "locale": "ru",
            "modified": null,
            "id": 491783,
            "localized_string": "\u041f\u043e\u043b\u0435\u0437\u043d\u044b\u0435 \u0434\u043e\u043f\u043e\u043b\u043d\u0435\u043d\u0438\u044f \u0434\u043b\u044f \u043f\u043e\u0435\u0437\u0434\u043a\u0438 \u0432 \u043a\u043e\u043c\u0430\u043d\u0434\u0438\u0440\u043e\u0432\u043a\u0443 \u043e\u0442 \u0412\u0430\u0441\u0438"
        }
    },
    {
        "pk": 533500,
        "model": "translations.translation",
        "fields": {
            "localized_string_clean": null,
            "created": "2009-07-22 06:23:29",
            "locale": "ru",
            "modified": null,
            "id": 491782,
            "localized_string": "\u041f\u043e\u043b\u0435\u0437\u043d\u044b\u0435 \u0434\u043e\u043f\u043e\u043b\u043d\u0435\u043d\u0438\u044f"
        }
    },
    {
        "pk": 512460,
        "model": "translations.translation",
        "fields": {
            "localized_string_clean": "\u041f\u043e\u0434\u0431\u043e\u0440\u043a\u0430 \u0434\u043b\u044f \u0442\u0435\u043a \u043a\u0442\u043e \u0430\u043a\u0442\u0438\u0432\u043d\u043e \u043f\u043e\u043b\u044c\u0437\u0443\u0435\u0442\u0441\u044f \u0438\u043d\u0442\u0435\u0440\u043d\u0435\u0442\u043e\u043c",
            "created": "2009-07-09 00:54:33",
            "locale": "ru",
            "modified": null,
            "id": 471194,
            "localized_string": "\u041f\u043e\u0434\u0431\u043e\u0440\u043a\u0430 \u0434\u043b\u044f \u0442\u0435\u043a \u043a\u0442\u043e \u0430\u043a\u0442\u0438\u0432\u043d\u043e \u043f\u043e\u043b\u044c\u0437\u0443\u0435\u0442\u0441\u044f \u0438\u043d\u0442\u0435\u0440\u043d\u0435\u0442\u043e\u043c"
        }
    },
    {
        "pk": 512459,
        "model": "translations.translation",
        "fields": {
            "localized_string_clean": null,
            "created": "2009-07-09 00:54:32",
            "locale": "ru",
            "modified": null,
            "id": 471193,
            "localized_string": "Bloggx"
        }
    },
    {
        "pk": 485179,
        "model": "translations.translation",
        "fields": {
            "localized_string_clean": "\u0417\u0431\u0456\u0440\u043a\u0430 \u0434\u043e\u043f\u043e\u0432\u043d\u0435\u043d\u044c \u0434\u043b\u044f \u0432\u0435\u0431-\u0440\u043e\u0437\u0440\u043e\u0431\u043d\u0438\u043a\u0430",
            "created": "2009-06-27 05:06:01",
            "locale": "ru",
            "modified": "2009-06-27 05:14:45",
            "id": 444502,
            "localized_string": "\u0417\u0431\u0456\u0440\u043a\u0430 \u0434\u043e\u043f\u043e\u0432\u043d\u0435\u043d\u044c \u0434\u043b\u044f \u0432\u0435\u0431-\u0440\u043e\u0437\u0440\u043e\u0431\u043d\u0438\u043a\u0430"
        }
    },
    {
        "pk": 485178,
        "model": "translations.translation",
        "fields": {
            "localized_string_clean": null,
            "created": "2009-06-27 05:06:01",
            "locale": "ru",
            "modified": "2009-06-27 05:09:46",
            "id": 444501,
            "localized_string": "UA addons for web-developer"
        }
    },
    {
        "pk": 478365,
        "model": "translations.translation",
        "fields": {
            "localized_string_clean": "\u0410\u0432\u0442\u043e\u043c\u0430\u0442\u0438\u0447\u0435\u0441\u043a\u0438 \u0441\u0433\u0435\u043d\u0435\u0440\u0438\u0440\u043e\u0432\u0430\u043d\u043d\u044b\u0439 \u0441\u043f\u0438\u0441\u043e\u043a \u0443\u0441\u0442\u0430\u043d\u043e\u0432\u043b\u0435\u043d\u043d\u044b\u0445 \u0443 \u043c\u0435\u043d\u044f \u0434\u043e\u043f\u043e\u043b\u043d\u0435\u043d\u0438\u0439",
            "created": "2009-06-23 02:23:53",
            "locale": "en-US",
            "modified": "2009-12-24 15:37:37",
            "id": 437902,
            "localized_string": "\u0410\u0432\u0442\u043e\u043c\u0430\u0442\u0438\u0447\u0435\u0441\u043a\u0438 \u0441\u0433\u0435\u043d\u0435\u0440\u0438\u0440\u043e\u0432\u0430\u043d\u043d\u044b\u0439 \u0441\u043f\u0438\u0441\u043e\u043a \u0443\u0441\u0442\u0430\u043d\u043e\u0432\u043b\u0435\u043d\u043d\u044b\u0445 \u0443 \u043c\u0435\u043d\u044f \u0434\u043e\u043f\u043e\u043b\u043d\u0435\u043d\u0438\u0439"
        }
    },
    {
        "pk": 478364,
        "model": "translations.translation",
        "fields": {
            "localized_string_clean": null,
            "created": "2009-06-23 02:23:53",
            "locale": "en-US",
            "modified": "2009-12-24 15:37:36",
            "id": 437901,
            "localized_string": "Greatkir"
        }
    },
    {
        "pk": 478161,
        "model": "translations.translation",
        "fields": {
            "localized_string_clean": "\u041a\u043e\u043c\u0444\u043e\u0440\u0442\u043d\u044b\u0439 FF \u0434\u043b\u044f PHP-\u0440\u0430\u0437\u0440\u0430\u0431\u043e\u0442\u0447\u0438\u043a\u0430. \u0414\u043b\u044f \u0440\u0443\u0441\u0441\u043a\u043e\u044f\u0437\u044b\u0447\u043d\u043e\u0433\u043e - \u0432 \u043e\u0441\u043e\u0431\u0435\u043d\u043d\u043e\u0441\u0442\u0438!\n___________________________________\nComfortable FF for PHP developer. Especially for Russian-speaking one!",
            "created": "2009-06-22 23:48:30",
            "locale": "ru",
            "modified": "2009-11-01 14:02:49",
            "id": 437711,
            "localized_string": "\u041a\u043e\u043c\u0444\u043e\u0440\u0442\u043d\u044b\u0439 FF \u0434\u043b\u044f PHP-\u0440\u0430\u0437\u0440\u0430\u0431\u043e\u0442\u0447\u0438\u043a\u0430. \u0414\u043b\u044f \u0440\u0443\u0441\u0441\u043a\u043e\u044f\u0437\u044b\u0447\u043d\u043e\u0433\u043e - \u0432 \u043e\u0441\u043e\u0431\u0435\u043d\u043d\u043e\u0441\u0442\u0438!\r\n___________________________________\r\nComfortable FF for PHP developer. Especially for Russian-speaking one!"
        }
    },
    {
        "pk": 478160,
        "model": "translations.translation",
        "fields": {
            "localized_string_clean": null,
            "created": "2009-06-22 23:48:29",
            "locale": "ru",
            "modified": "2009-11-01 13:58:46",
            "id": 437710,
            "localized_string": "\u0420\u0430\u0437\u0440\u0430\u0431\u043e\u0442\u043a\u0430 \u0438 \u043a\u043e\u043c\u0444\u043e\u0440\u0442 / Development and comfort"
        }
    },
    {
        "pk": 459074,
        "model": "translations.translation",
        "fields": {
            "localized_string_clean": "\u041c\u043e\u044f \u043f\u0435\u0440\u0432\u0430\u044f \u043f\u043e\u0434\u0431\u043e\u0440\u043a\u0430 \u0440\u0430\u0441\u0448\u0438\u0440\u0435\u043d\u0438\u0439",
            "created": "2009-06-14 04:49:44",
            "locale": "ru",
            "modified": null,
            "id": 419171,
            "localized_string": "\u041c\u043e\u044f \u043f\u0435\u0440\u0432\u0430\u044f \u043f\u043e\u0434\u0431\u043e\u0440\u043a\u0430 \u0440\u0430\u0441\u0448\u0438\u0440\u0435\u043d\u0438\u0439"
        }
    },
    {
        "pk": 459073,
        "model": "translations.translation",
        "fields": {
            "localized_string_clean": null,
            "created": "2009-06-14 04:49:44",
            "locale": "ru",
            "modified": null,
            "id": 419170,
            "localized_string": "\u041c\u043e\u044f \u043f\u043e\u0434\u0431\u043e\u0440\u043a\u0430"
        }
    },
    {
        "pk": 455710,
        "model": "translations.translation",
        "fields": {
            "localized_string_clean": "Collection of Most Powerful Add-ons\n\nONLY SUPER Add-ons",
            "created": "2009-06-12 22:24:28",
            "locale": "ru",
            "modified": "2009-06-12 23:49:50",
            "id": 415968,
            "localized_string": "Collection of Most Powerful Add-ons\r\n\r\nONLY SUPER Add-ons"
        }
    },
    {
        "pk": 455709,
        "model": "translations.translation",
        "fields": {
            "localized_string_clean": null,
            "created": "2009-06-12 22:24:27",
            "locale": "ru",
            "modified": "2009-06-12 23:49:50",
            "id": 415967,
            "localized_string": "Firefox Add-ons FULL -S-"
        }
    },
    {
        "pk": 449634,
        "model": "translations.translation",
        "fields": {
            "localized_string_clean": "\u0410\u0432\u0442\u043e\u043c\u0430\u0442\u0438\u0447\u0435\u0441\u043a\u0438 \u0441\u0433\u0435\u043d\u0435\u0440\u0438\u0440\u043e\u0432\u0430\u043d\u043d\u044b\u0439 \u0441\u043f\u0438\u0441\u043e\u043a \u0443\u0441\u0442\u0430\u043d\u043e\u0432\u043b\u0435\u043d\u043d\u044b\u0445 \u0443 \u043c\u0435\u043d\u044f \u0434\u043e\u043f\u043e\u043b\u043d\u0435\u043d\u0438\u0439",
            "created": "2009-06-11 14:02:54",
            "locale": "en-US",
            "modified": "2009-06-11 14:02:54",
            "id": 410142,
            "localized_string": "\u0410\u0432\u0442\u043e\u043c\u0430\u0442\u0438\u0447\u0435\u0441\u043a\u0438 \u0441\u0433\u0435\u043d\u0435\u0440\u0438\u0440\u043e\u0432\u0430\u043d\u043d\u044b\u0439 \u0441\u043f\u0438\u0441\u043e\u043a \u0443\u0441\u0442\u0430\u043d\u043e\u0432\u043b\u0435\u043d\u043d\u044b\u0445 \u0443 \u043c\u0435\u043d\u044f \u0434\u043e\u043f\u043e\u043b\u043d\u0435\u043d\u0438\u0439"
        }
    },
    {
        "pk": 449633,
        "model": "translations.translation",
        "fields": {
            "localized_string_clean": null,
            "created": "2009-06-11 14:02:53",
            "locale": "en-US",
            "modified": "2009-06-11 14:02:54",
            "id": 410141,
            "localized_string": "Vortex"
        }
    },
    {
        "pk": 444597,
        "model": "translations.translation",
        "fields": {
            "localized_string_clean": "Webdeveloper collection for productive and comfortable every day work!",
            "created": "2009-06-11 01:58:18",
            "locale": "en-US",
            "modified": "2009-06-11 02:24:14",
            "id": 405370,
            "localized_string": "Webdeveloper collection for productive and comfortable every day work!"
        }
    },
    {
        "pk": 444596,
        "model": "translations.translation",
        "fields": {
            "localized_string_clean": null,
            "created": "2009-06-11 01:58:18",
            "locale": "en-US",
            "modified": "2009-06-11 02:24:14",
            "id": 405369,
            "localized_string": "YoYurec WebDev Pack"
        }
    },
    {
        "pk": 8584,
        "model": "translations.translation",
        "fields": {
            "localized_string_clean": "This toolbar deals with only with Russian search engines and SEO resources.",
            "created": "2007-03-05 13:10:22",
            "locale": "en-US",
            "modified": null,
            "id": 3738,
            "localized_string": "This toolbar deals with only with Russian search engines and SEO resources."
        }
    },
    {
        "pk": 8585,
        "model": "translations.translation",
        "fields": {
            "localized_string_clean": "SEObar - a Firefox toolbar for SEO\nRussian interfa...",
            "created": "2007-03-05 13:10:22",
            "locale": "en-US",
            "modified": null,
            "id": 3739,
            "localized_string": "SEObar - a Firefox toolbar for SEO\r\nRussian interfa..."
        }
    },
    {
        "pk": 8583,
        "model": "translations.translation",
        "fields": {
            "localized_string_clean": "SEObar - a Firefox toolbar for SEO\nRussian interface.",
            "created": "2007-03-05 13:10:22",
            "locale": "en-US",
            "modified": null,
            "id": 3737,
            "localized_string": "SEObar - a Firefox toolbar for SEO\r\nRussian interface."
        }
    },
    {
        "pk": 8582,
        "model": "translations.translation",
        "fields": {
            "localized_string_clean": null,
            "created": "2007-03-05 13:10:22",
            "locale": "en-US",
            "modified": null,
            "id": 3736,
            "localized_string": "http://www.developing.ru/seobar/firefox.html"
        }
    },
    {
        "pk": 8581,
        "model": "translations.translation",
        "fields": {
            "localized_string_clean": null,
            "created": "2007-03-05 13:10:22",
            "locale": "en-US",
            "modified": null,
            "id": 3735,
            "localized_string": "SEObar"
        }
    },
    {
        "pk": 122502,
        "model": "translations.translation",
        "fields": {
            "localized_string_clean": null,
            "created": "2007-12-19 21:48:18",
            "locale": "en-US",
            "modified": "2007-12-19 21:55:05",
            "id": 88310,
            "localized_string": "These add-ons are toolbars that typically appear like a banner across the top of your browser window"
        }
    },
    {
        "pk": 122473,
        "model": "translations.translation",
        "fields": {
            "localized_string_clean": null,
            "created": "2007-12-19 21:48:18",
            "locale": "en-US",
            "modified": "2007-12-19 21:55:05",
            "id": 88309,
            "localized_string": "Toolbars"
        }
    },
    {
        "pk": 4230,
        "model": "auth.user",
        "fields": {
            "username": "jorge@mozilla.com",
            "first_name": "Jorge",
            "last_name": "Villalobos",
            "is_active": 1,
            "is_superuser": 1,
            "is_staff": 1,
            "last_login": "2010-02-03 13:10:35",
            "groups": [],
            "user_permissions": [],
            "password": "yermom",
            "email": "4230@yermom.com",
            "date_joined": "2007-03-05 13:09:35"
        }
    },
    {
        "pk": 523793,
        "model": "translations.translation",
        "fields": {
            "localized_string_clean": "I used to work developing Firefox extensions professionally for Glaxstar. Now I'm an independent contractor, working on my pet projects and contributing to the Mozilla community. I'm also pretty active reviewing extensions for this site. My projects are collected at xulforge.com.\nI live in Costa Rica. My passion for music, particularly metal, lead me to developing Fire.fm with my friend Jose. Hopefully my extension list will increase in the future. Lots of ideas yet to be developed...",
            "created": "2009-07-16 11:31:35",
            "locale": "en-US",
            "modified": "2010-02-23 14:41:38",
            "id": 482276,
            "localized_string": "I used to work developing Firefox extensions professionally for Glaxstar. Now I'm an independent contractor, working on my pet projects and contributing to the Mozilla community. I'm also pretty active reviewing extensions for this site. My projects are collected at xulforge.com.\r\nI live in Costa Rica. My passion for music, particularly metal, lead me to developing Fire.fm with my friend Jose. Hopefully my extension list will increase in the future. Lots of ideas yet to be developed..."
        }
    },
    {
        "pk": 1,
        "model": "files.platform",
        "fields": {
            "icontype": "",
            "modified": "2008-04-07 08:16:55",
            "created": "2007-03-05 13:09:27"
        }
    },
    {
        "pk": 4735394,
        "model": "users.userprofile",
        "fields": {
            "sandboxshown": 1,
            "display_collections_fav": 0,
            "display_collections": 0,
            "occupation": "",
            "confirmationcode": "",
            "location": "",
            "picture_type": "",
            "homepage": "http://liricus.ru/",
            "email": "4735394@yermom.com",
            "notifycompat": 1,
            "bio": null,
            "firstname": "",
            "deleted": 0,
            "lastname": "",
            "emailhidden": 1,
            "user": null,
            "password": "yermom",
            "nickname": "Lirica",
            "resetcode": "",
            "created": "2009-05-16 05:26:52",
            "modified": "2009-09-04 23:16:34",
            "notifyevents": 1
        }
    },
    {
        "pk": 5996,
        "model": "tags.tag",
        "fields": {
            "tag_text": "sape",
            "blacklisted": 0,
            "modified": null,
            "created": "2009-09-06 09:22:41"
        }
    },
    {
        "pk": 226,
        "model": "tags.tag",
        "fields": {
            "tag_text": "SEO",
            "blacklisted": 0,
            "modified": null,
            "created": "2009-07-16 07:03:03"
        }
    },
    {
        "pk": 3331995,
        "model": "users.userprofile",
        "fields": {
            "sandboxshown": 0,
            "display_collections_fav": 0,
            "display_collections": 0,
            "occupation": "",
            "confirmationcode": "",
            "location": "",
            "picture_type": "",
            "homepage": "http://zaelkin.ru",
            "email": "3331995@yermom.com",
            "notifycompat": 1,
            "bio": null,
            "firstname": "kidcool",
            "deleted": 0,
            "lastname": "",
            "emailhidden": 1,
            "user": null,
            "password": "yermom",
            "nickname": "kidcool",
            "resetcode": "",
            "created": "2008-11-20 05:24:57",
            "modified": "2008-11-20 05:40:32",
            "notifyevents": 1
        }
    },
    {
        "pk": 2295293,
        "model": "users.userprofile",
        "fields": {
            "sandboxshown": 0,
            "display_collections_fav": 0,
            "display_collections": 0,
            "occupation": "",
            "confirmationcode": "",
            "location": "",
            "picture_type": "",
            "homepage": "http://norsula.com/",
            "email": "2295293@yermom.com",
            "notifycompat": 1,
            "bio": null,
            "firstname": "Timo Valeri",
            "deleted": 0,
            "lastname": "Junolainen",
            "emailhidden": 1,
            "user": null,
            "password": "yermom",
            "nickname": "SiGiN",
            "resetcode": "",
            "created": "2008-08-08 00:31:05",
            "modified": "2008-08-08 00:31:51",
            "notifyevents": 1
        }
    },
    {
        "pk": 5140981,
        "model": "users.userprofile",
        "fields": {
            "sandboxshown": 0,
            "display_collections_fav": 0,
            "display_collections": 0,
            "occupation": "",
            "confirmationcode": "",
            "location": "",
            "picture_type": "",
            "homepage": "http://alina495.ru",
            "email": "5140981@yermom.com",
            "notifycompat": 1,
            "bio": null,
            "firstname": "\u041d\u0438\u043a\u043e\u043b\u0430\u0439 \u0415\u0433\u043e\u0440\u043e\u0432",
            "deleted": 0,
            "lastname": "",
            "emailhidden": 1,
            "user": null,
            "password": "yermom",
            "nickname": "nickicool",
            "resetcode": "",
            "created": "2010-01-24 02:44:21",
            "modified": "2010-01-24 02:44:49",
            "notifyevents": 1
        }
    },
    {
        "pk": 5139585,
        "model": "users.userprofile",
        "fields": {
            "sandboxshown": 0,
            "display_collections_fav": 0,
            "display_collections": 0,
            "occupation": "",
            "confirmationcode": "",
            "location": "",
            "picture_type": "",
            "homepage": "",
            "email": "5139585@yermom.com",
            "notifycompat": 1,
            "bio": null,
            "firstname": "\u0410\u043d\u0434\u0440\u0435\u0439",
            "deleted": 0,
            "lastname": "\u041c\u0443\u0440\u0430\u0448\u043a\u0438\u043d",
            "emailhidden": 1,
            "user": null,
            "password": "yermom",
            "nickname": "murasha",
            "resetcode": "",
            "created": "2010-01-23 11:04:09",
            "modified": "2010-01-23 11:04:38",
            "notifyevents": 1
        }
    },
    {
        "pk": 8244,
        "model": "users.userprofile",
        "fields": {
            "sandboxshown": 0,
            "display_collections_fav": 1,
            "display_collections": 1,
            "occupation": "Web Developer, Web Designer, social media consultant and Online Marketer",
            "confirmationcode": "",
            "location": "Chandigarh, India",
            "picture_type": "image/jpeg",
            "homepage": "http://palimadra.com",
            "email": "8244@yermom.com",
            "notifycompat": 1,
            "bio": 657108,
            "firstname": "Pali",
            "deleted": 0,
            "lastname": "Madra",
            "emailhidden": 1,
            "user": null,
            "password": "yermom",
            "nickname": "Pali Madra",
            "resetcode": "",
            "created": "2007-03-05 13:09:37",
            "modified": "2009-10-27 10:56:41",
            "notifyevents": 1
        }
    },
    {
        "pk": 5186062,
        "model": "users.userprofile",
        "fields": {
            "sandboxshown": 0,
            "display_collections_fav": 0,
            "display_collections": 0,
            "occupation": "",
            "confirmationcode": "",
            "location": "",
            "picture_type": "",
            "homepage": "",
            "email": "5186062@yermom.com",
            "notifycompat": 1,
            "bio": null,
            "firstname": "Vadim",
            "deleted": 0,
            "lastname": "",
            "emailhidden": 1,
            "user": null,
            "password": "yermom",
            "nickname": "Vadim",
            "resetcode": "",
            "created": "2010-02-17 00:27:20",
            "modified": "2010-02-17 00:28:41",
            "notifyevents": 1
        }
    },
    {
        "pk": 57274,
        "model": "bandwagon.collection",
        "fields": {
            "downloads": 0,
            "rating": 0.0,
            "description": 849198,
            "default_locale": "ru",
            "created": "2010-02-21 00:47:54",
            "monthly_subscribers": 0,
            "downvotes": 0,
            "weekly_subscribers": 0,
            "modified": "2010-02-21 00:47:54",
            "name": 849197,
            "application": 1,
            "type": 0,
            "listed": 0,
            "subscribers": 0,
            "upvotes": 0,
            "icontype": "",
            "addon_count": 3,
            "uuid": "fe2fdd8f-506d-bb72-9a7a-3ac762565bae"
        }
    },
    {
        "pk": 5189612,
        "model": "users.userprofile",
        "fields": {
            "sandboxshown": 0,
            "display_collections_fav": 0,
            "display_collections": 0,
            "occupation": "",
            "confirmationcode": "",
            "location": "",
            "picture_type": "",
            "homepage": "",
            "email": "5189612@yermom.com",
            "notifycompat": 1,
            "bio": null,
            "firstname": "denis",
            "deleted": 0,
            "lastname": "smailin",
            "emailhidden": 1,
            "user": null,
            "password": "yermom",
            "nickname": "dsmailin",
            "resetcode": "",
            "created": "2010-02-19 00:52:22",
            "modified": "2010-02-19 06:32:19",
            "notifyevents": 1
        }
    },
    {
        "pk": 57181,
        "model": "bandwagon.collection",
        "fields": {
            "downloads": 1,
            "rating": 0.0,
            "description": 847345,
            "default_locale": "en-US",
            "created": "2010-02-20 00:50:34",
            "monthly_subscribers": 1,
            "downvotes": 0,
            "weekly_subscribers": 1,
            "modified": "2010-02-20 00:50:36",
            "name": 847344,
            "application": 1,
            "type": 1,
            "listed": 1,
            "subscribers": 1,
            "upvotes": 0,
            "icontype": "",
            "addon_count": 20,
            "uuid": "f0b91d2d-534a-ead1-deaf-bee741e93503"
        }
    },
    {
        "pk": 5167634,
        "model": "users.userprofile",
        "fields": {
            "sandboxshown": 0,
            "display_collections_fav": 0,
            "display_collections": 0,
            "occupation": "",
            "confirmationcode": "",
            "location": "",
            "picture_type": "",
            "homepage": "",
            "email": "5167634@yermom.com",
            "notifycompat": 1,
            "bio": null,
            "firstname": "Donnie",
            "deleted": 0,
            "lastname": "Segreti",
            "emailhidden": 0,
            "user": null,
            "password": "yermom",
            "nickname": "Donniie",
            "resetcode": "",
            "created": "2010-02-05 18:55:27",
            "modified": "2010-02-05 18:57:09",
            "notifyevents": 1
        }
    },
    {
        "pk": 56735,
        "model": "bandwagon.collection",
        "fields": {
            "downloads": 0,
            "rating": 0.0,
            "description": 837299,
            "default_locale": "en-US",
            "created": "2010-02-16 00:32:38",
            "monthly_subscribers": 0,
            "downvotes": 0,
            "weekly_subscribers": 0,
            "modified": "2010-02-16 01:15:35",
            "name": 837298,
            "application": 1,
            "type": 1,
            "listed": 1,
            "subscribers": 0,
            "upvotes": 0,
            "icontype": "",
            "addon_count": 26,
            "uuid": "2d3a6124-04b2-6e1e-4e96-5b08d85be754"
        }
    },
    {
        "pk": 1887605,
        "model": "users.userprofile",
        "fields": {
            "sandboxshown": 0,
            "display_collections_fav": 0,
            "display_collections": 0,
            "occupation": "",
            "confirmationcode": "",
            "location": "Moscow",
            "picture_type": "",
            "averagerating": "4.60",
            "homepage": "http://hasanov.ru",
            "email": "1887605@yermom.com",
            "notifycompat": 1,
            "bio": null,
            "firstname": "Artur",
            "deleted": 0,
            "lastname": "Khasanov",
            "emailhidden": 1,
            "user": null,
            "password": "yermom",
            "nickname": "Khasanov",
            "resetcode": "",
            "created": "2008-06-26 23:40:29",
            "modified": "2010-02-10 02:53:13",
            "notifyevents": 1
        }
    },
    {
        "pk": 56209,
        "model": "bandwagon.collection",
        "fields": {
            "downloads": 0,
            "rating": 0.0,
            "description": 825996,
            "default_locale": "ru",
            "created": "2010-02-10 06:22:11",
            "monthly_subscribers": 0,
            "downvotes": 0,
            "weekly_subscribers": 0,
            "modified": "2010-02-10 06:22:11",
            "name": 825995,
            "application": 1,
            "type": 0,
            "listed": 1,
            "subscribers": 1,
            "upvotes": 1,
            "icontype": "",
            "addon_count": 12,
            "uuid": "561562ae-7047-acc8-925a-03e1b8cbf764"
        }
    },
    {
        "pk": 2324475,
        "model": "users.userprofile",
        "fields": {
            "sandboxshown": 0,
            "display_collections_fav": 0,
            "display_collections": 0,
            "occupation": "",
            "confirmationcode": "",
            "location": "",
            "picture_type": "",
            "homepage": "http://nevkontakte.org.ru",
            "email": "2324475@yermom.com",
            "notifycompat": 1,
            "bio": null,
            "firstname": "Alex",
            "deleted": 0,
            "lastname": "Nonono",
            "emailhidden": 1,
            "user": null,
            "password": "yermom",
            "nickname": "Alek$",
            "resetcode": "",
            "created": "2008-08-11 05:24:33",
            "modified": "2008-08-11 05:24:56",
            "notifyevents": 1
        }
    },
    {
        "pk": 53852,
        "model": "bandwagon.collection",
        "fields": {
            "downloads": 0,
            "rating": 0.0,
            "description": 778541,
            "default_locale": "en-US",
            "created": "2010-01-24 01:46:02",
            "monthly_subscribers": 0,
            "downvotes": 0,
            "weekly_subscribers": 0,
            "modified": "2010-01-24 01:46:03",
            "name": 778540,
            "application": 1,
            "type": 1,
            "listed": 1,
            "subscribers": 1,
            "upvotes": 0,
            "icontype": "",
            "nickname": null,
            "addon_count": 29,
            "uuid": "460ad412-120c-cf4c-e157-8313c9c6b561"
        }
    },
    {
        "pk": 4994606,
        "model": "users.userprofile",
        "fields": {
            "sandboxshown": 0,
            "display_collections_fav": 1,
            "display_collections": 1,
            "occupation": "",
            "confirmationcode": "",
            "location": "",
            "picture_type": "",
            "homepage": "http://www.free-books-online.ru",
            "email": "4994606@yermom.com",
            "notifycompat": 1,
            "bio": null,
            "firstname": "\u0414\u043c\u0438\u0442\u0440\u0438\u0439",
            "deleted": 0,
            "lastname": "\u0410\u043b\u0435\u043a\u0441\u0430\u043d\u0434\u0440\u043e\u0432",
            "emailhidden": 0,
            "user": null,
            "password": "yermom",
            "nickname": "nnovcrazy",
            "resetcode": "",
            "created": "2009-11-06 12:37:02",
            "modified": "2009-11-06 12:40:48",
            "notifyevents": 1
        }
    },
    {
        "pk": 52014,
        "model": "bandwagon.collection",
        "fields": {
            "downloads": 2,
            "rating": 0.0,
            "description": 752882,
            "default_locale": "ru",
            "created": "2010-01-10 11:13:54",
            "monthly_subscribers": 0,
            "downvotes": 0,
            "weekly_subscribers": 0,
            "modified": "2010-02-05 15:56:42",
            "name": 752881,
            "application": 1,
            "type": 0,
            "listed": 0,
            "subscribers": 1,
            "upvotes": 1,
            "icontype": "",
            "nickname": "crazy",
            "addon_count": 29,
            "uuid": "56f03b08-1e6b-9196-1151-1519bddaf934"
        }
    },
    {
        "pk": 4837881,
        "model": "users.userprofile",
        "fields": {
            "sandboxshown": 0,
            "display_collections_fav": 0,
            "display_collections": 0,
            "occupation": "",
            "confirmationcode": "",
            "location": "",
            "picture_type": "",
            "homepage": "",
            "email": "4837881@yermom.com",
            "notifycompat": 1,
            "bio": null,
            "firstname": "Alex",
            "deleted": 0,
            "lastname": "Andrianov",
            "emailhidden": 1,
            "user": null,
            "password": "yermom",
            "nickname": "XaleRS",
            "resetcode": "",
            "created": "2009-07-26 13:34:09",
            "modified": "2009-07-26 13:34:37",
            "notifyevents": 1
        }
    },
    {
        "pk": 49872,
        "model": "bandwagon.collection",
        "fields": {
            "downloads": 1,
            "rating": 0.0,
            "description": 730771,
            "default_locale": "ru",
            "created": "2009-12-22 06:20:35",
            "monthly_subscribers": 0,
            "downvotes": 0,
            "weekly_subscribers": 0,
            "modified": "2009-12-22 06:20:35",
            "name": 730770,
            "application": 1,
            "type": 0,
            "listed": 0,
            "subscribers": 0,
            "upvotes": 0,
            "icontype": "",
            "nickname": null,
            "addon_count": 12,
            "uuid": "45638697-1284-5476-fdb1-e54a3d4b7f94"
        }
    },
    {
        "pk": 226038,
        "model": "users.userprofile",
        "fields": {
            "sandboxshown": 1,
            "display_collections_fav": 0,
            "display_collections": 0,
            "occupation": "webdev",
            "confirmationcode": "",
            "location": "",
            "picture_type": "",
            "homepage": "http://jeevee.ru",
            "email": "226038@yermom.com",
            "notifycompat": 1,
            "bio": null,
            "firstname": "nordik",
            "deleted": 0,
            "lastname": "zeismann",
            "emailhidden": 1,
            "user": null,
            "password": "yermom",
            "nickname": "keepaneye",
            "resetcode": "",
            "created": "2007-09-18 15:31:13",
            "modified": "2010-02-02 18:49:41",
            "notifyevents": 1
        }
    },
    {
        "pk": 48855,
        "model": "bandwagon.collection",
        "fields": {
            "downloads": 3,
            "rating": 0.0,
            "description": 719623,
            "default_locale": "en-US",
            "created": "2009-12-13 21:57:54",
            "monthly_subscribers": 0,
            "downvotes": 0,
            "weekly_subscribers": 0,
            "modified": "2009-12-13 22:00:35",
            "name": 719622,
            "application": 1,
            "type": 0,
            "listed": 1,
            "subscribers": 1,
            "upvotes": 0,
            "icontype": "",
            "nickname": "keepaneye",
            "addon_count": 26,
            "uuid": "32c19f60-0e32-3d1a-cbbd-0b94dbe758fb"
        }
    },
    {
        "pk": 5049304,
        "model": "users.userprofile",
        "fields": {
            "sandboxshown": 0,
            "display_collections_fav": 0,
            "display_collections": 0,
            "occupation": "",
            "confirmationcode": "",
            "location": "",
            "picture_type": "",
            "homepage": "",
            "email": "5049304@yermom.com",
            "notifycompat": 1,
            "bio": null,
            "firstname": "",
            "deleted": 0,
            "lastname": "",
            "emailhidden": 1,
            "user": null,
            "password": "yermom",
            "nickname": "boniks",
            "resetcode": "",
            "created": "2009-12-02 21:50:21",
            "modified": "2009-12-09 05:01:49",
            "notifyevents": 1
        }
    },
    {
        "pk": 47532,
        "model": "bandwagon.collection",
        "fields": {
            "downloads": 5,
            "rating": 0.0,
            "description": 705785,
            "default_locale": "ru",
            "created": "2009-12-02 21:58:18",
            "monthly_subscribers": 0,
            "downvotes": 0,
            "weekly_subscribers": 0,
            "modified": "2009-12-02 22:01:29",
            "name": 705784,
            "application": 1,
            "type": 0,
            "listed": 0,
            "subscribers": 1,
            "upvotes": 0,
            "icontype": "",
            "nickname": "boniks",
            "addon_count": 48,
            "uuid": "a7326b16-fc8b-0d4e-4ba8-21dbaed78274"
        }
    },
    {
        "pk": 41112,
        "model": "bandwagon.collection",
        "fields": {
            "downloads": 1,
            "rating": 0.0,
            "description": 588603,
            "default_locale": "en-US",
            "created": "2009-10-19 03:05:46",
            "monthly_subscribers": 0,
            "downvotes": 0,
            "weekly_subscribers": 0,
            "modified": "2009-10-19 03:05:47",
            "name": 588602,
            "application": 1,
            "type": 1,
            "listed": 0,
            "subscribers": 1,
            "upvotes": 0,
            "icontype": "",
            "nickname": null,
            "addon_count": 12,
            "uuid": "e63ca5a6-f59b-8a1e-43c1-86574b37186b"
        }
    },
    {
        "pk": 4949492,
        "model": "users.userprofile",
        "fields": {
            "sandboxshown": 0,
            "display_collections_fav": 0,
            "display_collections": 0,
            "occupation": "",
            "confirmationcode": "",
            "location": "",
            "picture_type": "",
            "homepage": "",
            "email": "4949492@yermom.com",
            "notifycompat": 1,
            "bio": null,
            "firstname": "x4Wiz",
            "deleted": 0,
            "lastname": "",
            "emailhidden": 1,
            "user": null,
            "password": "yermom",
            "nickname": "x4Wiz",
            "resetcode": "",
            "created": "2009-10-14 06:54:21",
            "modified": "2009-10-14 06:55:02",
            "notifyevents": 1
        }
    },
    {
        "pk": 40476,
        "model": "bandwagon.collection",
        "fields": {
            "downloads": 1,
            "rating": 0.0,
            "description": 583998,
            "default_locale": "ru",
            "created": "2009-10-14 06:58:27",
            "monthly_subscribers": 0,
            "downvotes": 0,
            "weekly_subscribers": 0,
            "modified": "2009-10-14 06:58:27",
            "name": 583997,
            "application": 1,
            "type": 0,
            "listed": 1,
            "subscribers": 0,
            "upvotes": 0,
            "icontype": "",
            "nickname": null,
            "addon_count": 8,
            "uuid": "98ff8489-4e32-d171-11a2-6941bd9c42cb"
        }
    },
    {
        "pk": 3396424,
        "model": "users.userprofile",
        "fields": {
            "sandboxshown": 0,
            "display_collections_fav": 1,
            "display_collections": 1,
            "occupation": "",
            "confirmationcode": "",
            "location": "Russian",
            "picture_type": "",
            "homepage": "http://semenovs.ru",
            "email": "3396424@yermom.com",
            "notifycompat": 1,
            "bio": null,
            "firstname": "\u0418\u0432\u0430\u043d",
            "deleted": 0,
            "lastname": "\u0421\u0435\u043c\u0435\u043d\u043e\u0432",
            "emailhidden": 1,
            "user": null,
            "password": "yermom",
            "nickname": "Omeh2003",
            "resetcode": "",
            "created": "2008-11-27 00:13:25",
            "modified": "2009-10-16 00:39:13",
            "notifyevents": 1
        }
    },
    {
        "pk": 38136,
        "model": "bandwagon.collection",
        "fields": {
            "downloads": 33,
            "rating": 0.0,
            "description": 566406,
            "default_locale": "en-US",
            "created": "2009-09-25 01:24:13",
            "monthly_subscribers": 0,
            "downvotes": 0,
            "weekly_subscribers": 0,
            "modified": "2009-09-25 01:24:14",
            "name": 566405,
            "application": 1,
            "type": 1,
            "listed": 1,
            "subscribers": 1,
            "upvotes": 0,
            "icontype": "",
            "nickname": null,
            "addon_count": 29,
            "uuid": "b1c3a960-fcb4-4151-b044-fee7f6ae5efd"
        }
    },
    {
        "pk": 4916499,
        "model": "users.userprofile",
        "fields": {
            "sandboxshown": 0,
            "display_collections_fav": 0,
            "display_collections": 0,
            "occupation": "",
            "confirmationcode": "",
            "location": "",
            "picture_type": "",
            "homepage": "http://www.sablog.ru",
            "email": "4916499@yermom.com",
            "notifycompat": 1,
            "bio": null,
            "firstname": "ad1ce",
            "deleted": 0,
            "lastname": "1",
            "emailhidden": 1,
            "user": null,
            "password": "yermom",
            "nickname": "ad1ce",
            "resetcode": "",
            "created": "2009-09-19 14:53:04",
            "modified": "2009-09-19 14:53:51",
            "notifyevents": 1
        }
    },
    {
        "pk": 37393,
        "model": "bandwagon.collection",
        "fields": {
            "downloads": 8,
            "rating": 0.0,
            "description": 561465,
            "default_locale": "ru",
            "created": "2009-09-19 14:57:20",
            "monthly_subscribers": 0,
            "downvotes": 0,
            "weekly_subscribers": 0,
            "modified": "2009-09-19 14:57:20",
            "name": 561464,
            "application": 1,
            "type": 0,
            "listed": 1,
            "subscribers": 0,
            "upvotes": 1,
            "icontype": "",
            "nickname": null,
            "addon_count": 18,
            "uuid": "a1358145-03f7-7c77-2026-a8220fe72985"
        }
    },
    {
        "pk": 4912139,
        "model": "users.userprofile",
        "fields": {
            "sandboxshown": 0,
            "display_collections_fav": 1,
            "display_collections": 1,
            "occupation": "",
            "confirmationcode": "",
            "location": "",
            "picture_type": "",
            "homepage": "",
            "email": "4912139@yermom.com",
            "notifycompat": 1,
            "bio": null,
            "firstname": "tran",
            "deleted": 0,
            "lastname": "minh",
            "emailhidden": 1,
            "user": null,
            "password": "yermom",
            "nickname": "tranhaiminh20032000",
            "resetcode": "",
            "created": "2009-09-16 10:16:21",
            "modified": "2009-10-20 03:40:39",
            "notifyevents": 1
        }
    },
    {
        "pk": 36948,
        "model": "bandwagon.collection",
        "fields": {
            "downloads": 24,
            "rating": 0.0,
            "description": 558345,
            "default_locale": "vi",
            "created": "2009-09-16 10:31:05",
            "monthly_subscribers": 0,
            "downvotes": 0,
            "weekly_subscribers": 0,
            "modified": "2009-11-04 17:16:57",
            "name": 558344,
            "application": 1,
            "type": 0,
            "listed": 1,
            "subscribers": 1,
            "upvotes": 0,
            "icontype": "",
            "nickname": null,
            "addon_count": 24,
            "uuid": "88678836-503b-af39-92e6-8c5012551933"
        }
    },
    {
        "pk": 3992102,
        "model": "users.userprofile",
        "fields": {
            "sandboxshown": 0,
            "display_collections_fav": 1,
            "display_collections": 1,
            "occupation": "",
            "confirmationcode": "",
            "location": "",
            "picture_type": "",
            "homepage": "http://www.seos-club.de",
            "email": "3992102@yermom.com",
            "notifycompat": 1,
            "bio": null,
            "firstname": "Max",
            "deleted": 0,
            "lastname": "",
            "emailhidden": 1,
            "user": null,
            "password": "yermom",
            "nickname": "maxim197711",
            "resetcode": "",
            "created": "2009-01-28 07:35:15",
            "modified": "2009-09-10 02:37:40",
            "notifyevents": 1
        }
    },
    {
        "pk": 35978,
        "model": "bandwagon.collection",
        "fields": {
            "downloads": 2,
            "rating": 0.0,
            "description": 551866,
            "default_locale": "de",
            "created": "2009-09-10 02:39:24",
            "monthly_subscribers": 0,
            "downvotes": 0,
            "weekly_subscribers": 0,
            "modified": "2009-09-10 02:39:24",
            "name": 551865,
            "application": 1,
            "type": 0,
            "listed": 0,
            "subscribers": 1,
            "upvotes": 0,
            "icontype": "",
            "nickname": null,
            "addon_count": 19,
            "uuid": "e1e95310-2ef0-ccc9-bf9c-cef932d6cbe8"
        }
    },
    {
        "pk": 3590328,
        "model": "users.userprofile",
        "fields": {
            "sandboxshown": 0,
            "display_collections_fav": 0,
            "display_collections": 0,
            "occupation": "",
            "confirmationcode": "",
            "location": "",
            "picture_type": "",
            "homepage": "",
            "email": "3590328@yermom.com",
            "notifycompat": 1,
            "bio": null,
            "firstname": "Stas",
            "deleted": 0,
            "lastname": "Faust",
            "emailhidden": 1,
            "user": null,
            "password": "yermom",
            "nickname": "Dr.F@ustr",
            "resetcode": "",
            "created": "2008-12-17 01:41:15",
            "modified": "2008-12-17 01:42:08",
            "notifyevents": 1
        }
    },
    {
        "pk": 35794,
        "model": "bandwagon.collection",
        "fields": {
            "downloads": 1,
            "rating": 0.0,
            "description": 550789,
            "default_locale": "en-US",
            "created": "2009-09-09 00:08:44",
            "monthly_subscribers": 0,
            "downvotes": 0,
            "weekly_subscribers": 0,
            "modified": "2009-09-09 00:08:44",
            "name": 550788,
            "application": 1,
            "type": 0,
            "listed": 0,
            "subscribers": 1,
            "upvotes": 1,
            "icontype": "",
            "nickname": null,
            "addon_count": 9,
            "uuid": "a7b4bc1e-1185-137f-80bd-2bd533b237f4"
        }
    },
    {
        "pk": 4865285,
        "model": "users.userprofile",
        "fields": {
            "sandboxshown": 0,
            "display_collections_fav": 0,
            "display_collections": 1,
            "occupation": "",
            "confirmationcode": "",
            "location": "",
            "picture_type": "",
            "homepage": "",
            "email": "4865285@yermom.com",
            "notifycompat": 1,
            "bio": null,
            "firstname": "dr_zero@rambler.ru",
            "deleted": 0,
            "lastname": "",
            "emailhidden": 0,
            "user": null,
            "password": "yermom",
            "nickname": "dr_zero",
            "resetcode": "",
            "created": "2009-08-12 13:37:13",
            "modified": "2009-08-13 11:31:32",
            "notifyevents": 1
        }
    },
    {
        "pk": 30734,
        "model": "bandwagon.collection",
        "fields": {
            "downloads": 8,
            "rating": 0.0,
            "description": 520490,
            "default_locale": "ru",
            "created": "2009-08-13 02:19:54",
            "monthly_subscribers": 0,
            "downvotes": 0,
            "weekly_subscribers": 0,
            "modified": "2009-08-13 02:27:12",
            "name": 520489,
            "application": 1,
            "type": 0,
            "listed": 0,
            "subscribers": 1,
            "upvotes": 0,
            "icontype": "",
            "nickname": null,
            "addon_count": 38,
            "uuid": "8e70da02-eedc-0855-b735-f69ce71df2f8"
        }
    },
    {
        "pk": 922141,
        "model": "users.userprofile",
        "fields": {
            "sandboxshown": 0,
            "display_collections_fav": 1,
            "display_collections": 1,
            "occupation": "WEB, SEO",
            "confirmationcode": "",
            "location": "\u0421\u0430\u043d\u043a\u0442-\u041f\u0435\u0442\u0435\u0440\u0431\u0443\u0440\u0433",
            "picture_type": "image/jpeg",
            "homepage": "http://www.dumay.name/",
            "email": "922141@yermom.com",
            "notifycompat": 1,
            "bio": null,
            "firstname": "\u0415\u0432\u0433\u0435\u043d\u0438\u0439",
            "deleted": 0,
            "lastname": "\u0418\u0432\u0430\u043d\u043e\u0432",
            "emailhidden": 0,
            "user": null,
            "password": "yermom",
            "nickname": "mrDumay",
            "resetcode": "",
            "created": "2008-03-27 23:10:06",
            "modified": "2009-08-11 09:33:29",
            "notifyevents": 1
        }
    },
    {
        "pk": 30442,
        "model": "bandwagon.collection",
        "fields": {
            "downloads": 117,
            "rating": 0.0,
            "description": 518528,
            "default_locale": "en-US",
            "created": "2009-08-11 09:44:02",
            "monthly_subscribers": 0,
            "downvotes": 0,
            "weekly_subscribers": 0,
            "modified": "2009-10-16 17:06:57",
            "name": 518527,
            "application": 1,
            "type": 1,
            "listed": 1,
            "subscribers": 3,
            "upvotes": 1,
            "icontype": "image/png",
            "nickname": "firewebmaster",
            "addon_count": 9,
            "uuid": "24a7744b-558b-1f4f-bb5f-b891375fca2f"
        }
    },
    {
        "pk": 4075880,
        "model": "users.userprofile",
        "fields": {
            "sandboxshown": 0,
            "display_collections_fav": 0,
            "display_collections": 0,
            "occupation": "",
            "confirmationcode": "",
            "location": "",
            "picture_type": "",
            "homepage": "http://www.l4d-inside.ru",
            "email": "4075880@yermom.com",
            "notifycompat": 1,
            "bio": null,
            "firstname": "\u0421\u0435\u0440\u0433\u0435\u0439",
            "deleted": 0,
            "lastname": "\u041a\u0430\u043f\u0430\u0440\u043e\u0432",
            "emailhidden": 1,
            "user": null,
            "password": "yermom",
            "nickname": "Segr",
            "resetcode": "",
            "created": "2009-02-05 12:40:47",
            "modified": "2009-02-05 12:44:39",
            "notifyevents": 1
        }
    },
    {
        "pk": 27110,
        "model": "bandwagon.collection",
        "fields": {
            "downloads": 6,
            "rating": 0.0,
            "description": 498358,
            "default_locale": "en-US",
            "created": "2009-07-26 13:20:12",
            "monthly_subscribers": 0,
            "downvotes": 0,
            "weekly_subscribers": 0,
            "modified": "2009-07-26 13:20:15",
            "name": 498357,
            "application": 1,
            "type": 1,
            "listed": 0,
            "subscribers": 1,
            "upvotes": 0,
            "icontype": "",
            "nickname": null,
            "addon_count": 35,
            "uuid": "6c3fb8e7-b803-17f1-0cf4-6511c7199372"
        }
    },
    {
        "pk": 1349524,
        "model": "users.userprofile",
        "fields": {
            "sandboxshown": 0,
            "display_collections_fav": 0,
            "display_collections": 1,
            "occupation": "",
            "confirmationcode": "",
            "location": "",
            "picture_type": "",
            "homepage": "",
            "email": "1349524@yermom.com",
            "notifycompat": 1,
            "bio": null,
            "firstname": "Samuel",
            "deleted": 0,
            "lastname": "Marshak",
            "emailhidden": 1,
            "user": null,
            "password": "yermom",
            "nickname": "marshak",
            "resetcode": "",
            "created": "2008-05-12 23:25:15",
            "modified": "2009-10-19 02:45:21",
            "notifyevents": 1
        }
    },
    {
        "pk": 25988,
        "model": "bandwagon.collection",
        "fields": {
            "downloads": 3,
            "rating": 0.0,
            "description": 491783,
            "default_locale": "ru",
            "created": "2009-07-22 06:23:29",
            "monthly_subscribers": 0,
            "downvotes": 0,
            "weekly_subscribers": 0,
            "modified": "2009-10-19 02:50:26",
            "name": 491782,
            "application": 1,
            "type": 0,
            "listed": 0,
            "subscribers": 1,
            "upvotes": 0,
            "icontype": "",
            "nickname": "aluminium",
            "addon_count": 19,
            "uuid": "5a64984f-53e6-bdfe-7638-9bd99e96e924"
        }
    },
    {
        "pk": 2716093,
        "model": "users.userprofile",
        "fields": {
            "sandboxshown": 0,
            "display_collections_fav": 1,
            "display_collections": 1,
            "occupation": "",
            "confirmationcode": "",
            "location": "",
            "picture_type": "",
            "homepage": "",
            "email": "2716093@yermom.com",
            "notifycompat": 1,
            "bio": null,
            "firstname": "Alexander",
            "deleted": 0,
            "lastname": "Krasnov",
            "emailhidden": 1,
            "user": null,
            "password": "yermom",
            "nickname": "Bloggx",
            "resetcode": "",
            "created": "2008-09-21 10:09:24",
            "modified": "2009-08-08 04:59:03",
            "notifyevents": 1
        }
    },
    {
        "pk": 22266,
        "model": "bandwagon.collection",
        "fields": {
            "downloads": 16,
            "rating": 0.0,
            "description": 471194,
            "default_locale": "ru",
            "created": "2009-07-09 00:54:33",
            "monthly_subscribers": 0,
            "downvotes": 0,
            "weekly_subscribers": 0,
            "modified": "2009-07-09 00:54:33",
            "name": 471193,
            "application": 1,
            "type": 0,
            "listed": 1,
            "subscribers": 0,
            "upvotes": 0,
            "icontype": "",
            "addon_count": 6,
            "uuid": "90e5e414-44ba-4c9d-74dd-3129a03b9487"
        }
    },
    {
        "pk": 1422803,
        "model": "users.userprofile",
        "fields": {
            "sandboxshown": 0,
            "display_collections_fav": 0,
            "display_collections": 0,
            "occupation": "",
            "confirmationcode": "",
            "location": "",
            "picture_type": "",
            "homepage": "http://lilumi.org.ua",
            "email": "1422803@yermom.com",
            "notifycompat": 1,
            "bio": null,
            "firstname": "Lilumi",
            "deleted": 0,
            "lastname": "Odi",
            "emailhidden": 1,
            "user": null,
            "password": "yermom",
            "nickname": "Lilumi",
            "resetcode": "",
            "created": "2008-05-20 13:07:51",
            "modified": "2008-05-20 13:11:45",
            "notifyevents": 1
        }
    },
    {
        "pk": 16840,
        "model": "bandwagon.collection",
        "fields": {
            "downloads": 106,
            "rating": 0.0,
            "description": 444502,
            "default_locale": "ru",
            "created": "2009-06-27 05:06:01",
            "monthly_subscribers": 0,
            "downvotes": 0,
            "weekly_subscribers": 0,
            "modified": "2009-06-27 05:37:20",
            "name": 444501,
            "application": 1,
            "type": 0,
            "listed": 1,
            "subscribers": 0,
            "upvotes": 0,
            "icontype": "",
            "nickname": "ua",
            "addon_count": 35,
            "uuid": "bf8518f6-7a81-afef-262a-2d35c06b81ca"
        }
    },
    {
        "pk": 1495479,
        "model": "users.userprofile",
        "fields": {
            "sandboxshown": 0,
            "display_collections_fav": 0,
            "display_collections": 0,
            "occupation": "",
            "confirmationcode": "",
            "location": "",
            "picture_type": "",
            "homepage": "",
            "email": "1495479@yermom.com",
            "notifycompat": 1,
            "bio": null,
            "firstname": "\u041a\u0438\u0440\u0438\u043b\u043b",
            "deleted": 0,
            "lastname": "\u0414\u0451\u043c\u0438\u043d",
            "emailhidden": 1,
            "user": null,
            "password": "yermom",
            "nickname": "GreatKir",
            "resetcode": "",
            "created": "2008-05-28 09:32:25",
            "modified": "2009-06-21 05:05:20",
            "notifyevents": 1
        }
    },
    {
        "pk": 15085,
        "model": "bandwagon.collection",
        "fields": {
            "downloads": 29,
            "rating": 0.0,
            "description": 437902,
            "default_locale": "en-US",
            "created": "2009-06-23 02:23:53",
            "monthly_subscribers": 0,
            "downvotes": 0,
            "weekly_subscribers": 0,
            "modified": "2009-12-24 15:37:37",
            "name": 437901,
            "application": 1,
            "type": 1,
            "listed": 1,
            "subscribers": 3,
            "upvotes": 1,
            "icontype": "",
            "nickname": "Greatkir",
            "addon_count": 44,
            "uuid": "03ba8efd-be3c-f934-4e02-d8ce338ed7ef"
        }
    },
    {
        "pk": 2893306,
        "model": "users.userprofile",
        "fields": {
            "sandboxshown": 0,
            "display_collections_fav": 0,
            "display_collections": 0,
            "occupation": "",
            "confirmationcode": "",
            "location": "",
            "picture_type": "",
            "homepage": "http://www.idealweb.ru",
            "email": "2893306@yermom.com",
            "notifycompat": 1,
            "bio": null,
            "firstname": "\u041a\u043e\u043d\u0441\u0442\u0430\u043d\u0442\u0438\u043d",
            "deleted": 0,
            "lastname": "\u041f\u0435\u0442\u0435\u0440\u0441\u043e\u043d",
            "emailhidden": 1,
            "user": null,
            "password": "yermom",
            "nickname": "kossmoss",
            "resetcode": "",
            "created": "2008-10-08 09:05:04",
            "modified": "2009-06-22 23:44:47",
            "notifyevents": 1
        }
    },
    {
        "pk": 15024,
        "model": "bandwagon.collection",
        "fields": {
            "downloads": 163,
            "rating": 0.0,
            "description": 437711,
            "default_locale": "ru",
            "created": "2009-06-22 23:48:30",
            "monthly_subscribers": 0,
            "downvotes": 0,
            "weekly_subscribers": 0,
            "modified": "2009-11-01 14:02:49",
            "name": 437710,
            "application": 1,
            "type": 0,
            "listed": 1,
            "subscribers": 0,
            "upvotes": 0,
            "icontype": "",
            "nickname": "dev_comfort",
            "addon_count": 24,
            "uuid": "11b5754d-fa47-eb2f-f2cd-4b94b96b4550"
        }
    },
    {
        "pk": 4767171,
        "model": "users.userprofile",
        "fields": {
            "sandboxshown": 0,
            "display_collections_fav": 0,
            "display_collections": 0,
            "occupation": "",
            "confirmationcode": "",
            "location": "",
            "picture_type": "",
            "homepage": "http://butik-glamura.ru",
            "email": "4767171@yermom.com",
            "notifycompat": 1,
            "bio": null,
            "firstname": "megamen",
            "deleted": 0,
            "lastname": "",
            "emailhidden": 1,
            "user": null,
            "password": "yermom",
            "nickname": "rustless",
            "resetcode": "",
            "created": "2009-06-14 02:17:50",
            "modified": "2009-06-14 03:53:10",
            "notifyevents": 1
        }
    },
    {
        "pk": 9425,
        "model": "bandwagon.collection",
        "fields": {
            "downloads": 39,
            "rating": 0.0,
            "description": 419171,
            "default_locale": "ru",
            "created": "2009-06-14 04:49:44",
            "monthly_subscribers": 0,
            "downvotes": 0,
            "weekly_subscribers": 0,
            "modified": "2009-08-25 11:39:48",
            "name": 419170,
            "application": 1,
            "type": 0,
            "listed": 0,
            "subscribers": 1,
            "upvotes": 0,
            "icontype": "",
            "addon_count": 32,
            "uuid": "712ae0e8-d468-abef-f81e-cf2cef86bd8f"
        }
    },
    {
        "pk": 2556370,
        "model": "users.userprofile",
        "fields": {
            "sandboxshown": 0,
            "display_collections_fav": 1,
            "display_collections": 1,
            "occupation": "",
            "confirmationcode": "",
            "location": "",
            "picture_type": "",
            "homepage": "http://nevaauto.ru",
            "email": "2556370@yermom.com",
            "notifycompat": 1,
            "bio": null,
            "firstname": "S",
            "deleted": 0,
            "lastname": "NevaAUTO",
            "emailhidden": 1,
            "user": null,
            "password": "yermom",
            "nickname": "NevaAUTO",
            "resetcode": "",
            "created": "2008-09-05 02:18:03",
            "modified": "2009-06-12 23:28:33",
            "notifyevents": 1
        }
    },
    {
        "pk": 8398,
        "model": "bandwagon.collection",
        "fields": {
            "downloads": 779,
            "rating": 0.0,
            "description": 415968,
            "default_locale": "ru",
            "created": "2009-06-12 22:24:28",
            "monthly_subscribers": 0,
            "downvotes": 0,
            "weekly_subscribers": 0,
            "modified": "2009-06-12 23:49:50",
            "name": 415967,
            "application": 1,
            "type": 0,
            "listed": 1,
            "subscribers": 2,
            "upvotes": 0,
            "icontype": "image/png",
            "nickname": "s",
            "addon_count": 111,
            "uuid": "f3db952f-6997-58cc-256c-22921a4f91f1"
        }
    },
    {
        "pk": 4762934,
        "model": "users.userprofile",
        "fields": {
            "sandboxshown": 0,
            "display_collections_fav": 0,
            "display_collections": 0,
            "occupation": "",
            "confirmationcode": "",
            "location": "",
            "picture_type": "",
            "homepage": "http://jcdenton.ru",
            "email": "4762934@yermom.com",
            "notifycompat": 1,
            "bio": null,
            "firstname": "",
            "deleted": 0,
            "lastname": "",
            "emailhidden": 1,
            "user": null,
            "password": "yermom",
            "nickname": "VortexIsMyName",
            "resetcode": "",
            "created": "2009-06-11 13:32:35",
            "modified": "2009-06-11 13:37:33",
            "notifyevents": 1
        }
    },
    {
        "pk": 6343,
        "model": "bandwagon.collection",
        "fields": {
            "downloads": 438,
            "rating": 0.0,
            "description": 410142,
            "default_locale": "en-US",
            "created": "2009-06-11 14:02:54",
            "monthly_subscribers": 0,
            "downvotes": 0,
            "weekly_subscribers": 0,
            "modified": "2009-06-11 14:02:54",
            "name": 410141,
            "application": 1,
            "type": 1,
            "listed": 1,
            "subscribers": 1,
            "upvotes": 0,
            "icontype": "",
            "nickname": "Vortex",
            "addon_count": 14,
            "uuid": "a77d85ce-c39c-2223-8bcc-a7d44248bb78"
        }
    },
    {
        "pk": 4761416,
        "model": "users.userprofile",
        "fields": {
            "sandboxshown": 0,
            "display_collections_fav": 0,
            "display_collections": 0,
            "occupation": "",
            "confirmationcode": "",
            "location": "",
            "picture_type": "",
            "homepage": "http://yoyurec.in.ua",
            "email": "4761416@yermom.com",
            "notifycompat": 1,
            "bio": null,
            "firstname": "Yuriy",
            "deleted": 0,
            "lastname": "Piskun",
            "emailhidden": 1,
            "user": null,
            "password": "yermom",
            "nickname": "YoYorec",
            "resetcode": "",
            "created": "2009-06-11 01:42:50",
            "modified": "2009-06-11 01:43:58",
            "notifyevents": 1
        }
    },
    {
        "pk": 4422,
        "model": "bandwagon.collection",
        "fields": {
            "downloads": 706,
            "rating": 0.0,
            "description": 405370,
            "default_locale": "en-US",
            "created": "2009-06-11 01:58:18",
            "monthly_subscribers": 0,
            "downvotes": 0,
            "weekly_subscribers": 0,
            "modified": "2009-06-11 02:24:14",
            "name": 405369,
            "application": 1,
            "type": 0,
            "listed": 1,
            "subscribers": 3,
            "upvotes": 0,
            "icontype": "image/gif",
            "nickname": "yoyurec",
            "addon_count": 29,
            "uuid": "f078e9c9-57a1-b23a-6de0-418faec1aea6"
        }
    },
    {
        "pk": 298426,
        "model": "translations.translation",
        "fields": {
            "localized_string_clean": null,
            "created": "2008-11-03 04:48:01",
            "locale": "en-US",
            "modified": null,
            "id": 260859,
            "localized_string": "Dollar exchange rate on page of a conclusion of money"
        }
    },
    {
        "pk": 283573,
        "model": "translations.translation",
        "fields": {
            "localized_string_clean": null,
            "created": "2008-11-03 04:48:01",
            "locale": "en-US",
            "modified": null,
            "id": 246122,
            "localized_string": "Additional buttons with an index of citing of a site "
        }
    },
    {
        "pk": 270227,
        "model": "translations.translation",
        "fields": {
            "localized_string_clean": null,
            "created": "2008-11-03 04:48:01",
            "locale": "en-US",
            "modified": null,
            "id": 232766,
            "localized_string": "Hints with results of work"
        }
    },
    {
        "pk": 270082,
        "model": "translations.translation",
        "fields": {
            "localized_string_clean": null,
            "created": "2008-11-03 04:48:01",
            "locale": "en-US",
            "modified": null,
            "id": 232630,
            "localized_string": "The additional interface button of fast display of the panel"
        }
    },
    {
        "pk": 433842,
        "model": "translations.translation",
        "fields": {
            "localized_string_clean": null,
            "created": "2009-06-10 03:31:10",
            "locale": "en-US",
            "modified": null,
            "id": 395003,
            "localized_string": "Logo"
        }
    },
    {
        "pk": 669,
        "model": "addons.addon",
        "fields": {
            "dev_agreement": 0,
            "eula": null,
            "last_updated": "2007-03-05 13:12:29",
            "view_source": 0,
            "enable_thankyou": 0,
            "total_downloads": 2990,
            "developer_comments": 3738,
            "inactive": 0,
            "average_daily_downloads": 9,
            "show_beta": 1,
            "guid": "{AB038E57-02B2-4237-80E6-0243684E337C}",
            "trusted": 0,
            "locale_disambiguation": null,
            "binary": 0,
            "the_future": null,
            "weekly_downloads": 0,
            "support_url": null,
            "paypal_id": "",
            "average_rating": "3.50",
            "wants_contributions": 0,
            "average_daily_users": 1,
            "bayesian_rating": 3.9553099999999999,
            "share_count": 0,
            "get_satisfaction_company": null,
            "homepage": 3736,
            "support_email": null,
            "public_stats": 0,
            "status": 1,
            "privacy_policy": null,
            "description": 3737,
            "default_locale": "en-US",
            "target_locale": null,
            "prerelease": 0,
            "thankyou_note": null,
            "admin_review": 0,
            "external_software": 0,
            "highest_status": 1,
            "get_satisfaction_product": null,
            "name": 3735,
            "created": "2005-05-02 13:44:28",
            "type": 1,
            "icon_type": "",
            "annoying": 0,
            "modified": "2007-06-19 14:27:47",
            "summary": 3739,
            "suggested_amount": null,
            "site_specific": 0,
            "total_reviews": 4,
            "the_reason": null,
            "nomination_date": "2007-06-19 14:27:47"
        }
    },
    {
        "pk": 92,
        "model": "addons.category",
        "fields": {
            "count": 1059,
            "description": 88310,
            "weight": 0,
            "created": "2007-12-19 21:48:18",
            "modified": "2010-02-23 19:17:35",
            "application": 1,
            "type": 1,
            "slug": "toolbars",
            "name": 88309
        }
    },
    {
        "pk": 1,
        "model": "applications.application",
        "fields": {
            "guid": "{ec8030f7-c20a-464f-9b0e-13a3a9e97384}",
            "modified": "2008-11-03 15:34:59",
            "created": "2007-03-05 13:09:26"
        }
    },
    {
        "pk": 417278,
        "model": "translations.translation",
        "fields": {
            "localized_string_clean": "Bugfix version",
            "created": "2009-05-10 05:47:23",
            "locale": "en-US",
            "modified": null,
            "id": 378852,
            "localized_string": "Bugfix version"
        }
    },
    {
        "pk": 428875,
        "model": "translations.translation",
        "fields": {
            "localized_string_clean": "Corrections to verify the indexed pages through mail.ru",
            "created": "2009-06-01 23:59:19",
            "locale": "en-US",
            "modified": null,
            "id": 390198,
            "localized_string": "Corrections to verify the indexed pages through mail.ru"
        }
    },
    {
        "pk": 467616,
        "model": "translations.translation",
        "fields": {
            "localized_string_clean": "Code optimization",
            "created": "2009-06-17 02:28:37",
            "locale": "en-US",
            "modified": null,
            "id": 427464,
            "localized_string": "Code optimization"
        }
    },
    {
        "pk": 487398,
        "model": "translations.translation",
        "fields": {
            "localized_string_clean": "Additional features and fix minor bugs",
            "created": "2009-06-29 04:37:56",
            "locale": "en-US",
            "modified": null,
            "id": 446677,
            "localized_string": "Additional features and fix minor bugs"
        }
    },
    {
        "pk": 493399,
        "model": "translations.translation",
        "fields": {
            "localized_string_clean": "Improved function to check the external links",
            "created": "2009-07-01 05:03:42",
            "locale": "en-US",
            "modified": null,
            "id": 452552,
            "localized_string": "Improved function to check the external links"
        }
    },
    {
        "pk": 727513,
        "model": "translations.translation",
        "fields": {
            "localized_string_clean": "1. Includes support for Mozilla Firefox 3.6\n2. Button \"Uncheck all\" are now working on all pages of the interface\n3. Text filters corrections.",
            "created": "2009-11-11 05:04:07",
            "locale": "en-US",
            "modified": null,
            "id": 678316,
            "localized_string": "1. Includes support for Mozilla Firefox 3.6\r\n2. Button \"Uncheck all\" are now working on all pages of the interface\r\n3. Text filters corrections."
        }
    },
    {
        "pk": 734890,
        "model": "translations.translation",
        "fields": {
            "localized_string_clean": "Additional features on the page of manual selection options",
            "created": "2009-11-16 04:10:29",
            "locale": "en-US",
            "modified": null,
            "id": 685253,
            "localized_string": "Additional features on the page of manual selection options"
        }
    },
    {
        "pk": 741711,
        "model": "translations.translation",
        "fields": {
            "localized_string_clean": "Corrections in webmasters filters",
            "created": "2009-11-20 22:28:35",
            "locale": "en-US",
            "modified": null,
            "id": 691733,
            "localized_string": "Corrections in webmasters filters"
        }
    },
    {
        "pk": 760438,
        "model": "translations.translation",
        "fields": {
            "localized_string_clean": "Added new filters to verify new webmasters requests",
            "created": "2009-12-06 03:11:31",
            "locale": "en-US",
            "modified": null,
            "id": 709391,
            "localized_string": "Added new filters to verify new webmasters requests"
        }
    },
    {
        "pk": 5,
        "model": "versions.license",
        "fields": {
            "_custom_text": null,
            "_name_field": 0,
            "modified": "2009-04-30 22:29:53",
            "created": "2009-04-30 22:29:53"
        }
    },
    {
        "pk": 4230,
        "model": "users.userprofile",
        "fields": {
            "sandboxshown": 1,
            "display_collections_fav": 0,
            "display_collections": 0,
            "occupation": "Add-ons Developer Relations Lead, Mozilla",
            "confirmationcode": "",
            "location": "Costa Rica",
            "picture_type": "image/jpeg",
            "averagerating": "4.50",
            "homepage": "http://xulforge.com",
            "email": "4230@yermom.com",
            "notifycompat": 1,
            "bio": 482276,
            "firstname": "Jorge",
            "deleted": 0,
            "lastname": "Villalobos",
            "emailhidden": 1,
            "user": 4230,
            "password": "yermom",
            "nickname": "Jorge Villalobos (jorgev)",
            "resetcode": "",
            "created": "2007-03-05 13:09:35",
            "modified": "2010-02-23 14:41:38",
            "notifyevents": 1
        }
    },
    {
        "pk": 1302979,
        "model": "users.userprofile",
        "fields": {
            "sandboxshown": 0,
            "display_collections_fav": 0,
            "display_collections": 0,
            "occupation": "",
            "confirmationcode": "",
            "location": "",
            "picture_type": "",
            "homepage": "",
            "email": "1302979@yermom.com",
            "notifycompat": 1,
            "bio": null,
            "firstname": "Zadkiel",
            "deleted": 0,
            "lastname": "M",
            "emailhidden": 1,
            "user": null,
            "password": "yermom",
            "nickname": "ZadkielM",
            "resetcode": "",
            "created": "2008-05-07 11:48:33",
            "modified": "2009-05-17 06:43:37",
            "notifyevents": 1
        }
    },
    {
        "pk": 97044,
        "model": "users.userprofile",
        "fields": {
            "sandboxshown": 1,
            "display_collections_fav": 0,
            "display_collections": 0,
            "occupation": "Programmer",
            "confirmationcode": "",
            "location": "",
            "picture_type": "",
            "averagerating": "4.48",
            "homepage": "http://shawnwilsher.com/",
            "email": "97044@yermom.com",
            "notifycompat": 1,
            "bio": null,
            "firstname": "Shawn",
            "deleted": 0,
            "lastname": "Wilsher",
            "emailhidden": 1,
            "user": null,
            "password": "yermom",
            "nickname": "Shawn Wilsher (sdwilsh)",
            "resetcode": "",
            "created": "2007-03-05 13:10:10",
            "modified": "2010-01-21 15:22:51",
            "notifyevents": 1
        }
    },
    {
        "pk": 822552,
        "model": "users.userprofile",
        "fields": {
            "sandboxshown": 1,
            "display_collections_fav": 0,
            "display_collections": 0,
            "occupation": "",
            "confirmationcode": "",
            "location": "",
            "picture_type": "",
            "homepage": "",
            "email": "822552@yermom.com",
            "notifycompat": 1,
            "bio": null,
            "firstname": "Sid",
            "deleted": 0,
            "lastname": "Kalra",
            "emailhidden": 1,
            "user": null,
            "password": "yermom",
            "nickname": "crulshorukh",
            "resetcode": "",
            "created": "2008-02-22 18:18:59",
            "modified": "2009-05-13 13:28:36",
            "notifyevents": 1
        }
    },
    {
        "pk": 86740,
        "model": "versions.version",
        "fields": {
            "license": 5,
            "created": "2009-12-06 03:06:48",
            "releasenotes": 709391,
            "approvalnotes": "",
            "modified": "2009-12-06 06:43:48",
            "version": "1.32",
            "addon": 8680
        }
    },
    {
        "pk": 71943,
        "model": "files.file",
        "fields": {
            "status": 4,
            "codereview": 0,
            "hash": "sha256:fa8934ccfacc78cd35944ae1a1fd0b398f5644698e2f362358c711726e81737e",
            "created": "2009-12-06 06:47:22",
            "modified": "2010-01-14 14:15:29",
            "filename": "webmaster_sape-1.32-fx.xpi",
            "platform": 1,
            "version": 86740,
            "datestatuschanged": "2010-01-14 14:15:28",
            "size": 110
        }
    },
    {
        "pk": 18603,
        "model": "tags.addontag",
        "fields": {
            "addon": 8680,
            "tag": 5996,
            "user": 4735394,
            "modified": null,
            "created": "2009-09-06 09:22:41"
        }
    },
    {
        "pk": 13122,
        "model": "tags.addontag",
        "fields": {
            "addon": 8680,
            "tag": 226,
            "user": 2488420,
            "modified": null,
            "created": "2009-09-07 05:53:05"
        }
    },
    {
        "pk": 539943,
        "model": "bandwagon.collectionaddon",
        "fields": {
            "added": "2010-02-21 00:47:54",
            "created": null,
            "downloads": 0,
            "modified": null,
            "comments": null,
            "user": 5186062,
            "collection": 57274,
            "addon": 8680
        }
    },
    {
        "pk": 539942,
        "model": "bandwagon.collectionaddon",
        "fields": {
            "added": "2010-02-20 00:50:42",
            "created": null,
            "downloads": 0,
            "modified": "2010-02-20 00:50:42",
            "comments": null,
            "user": 5189612,
            "collection": 57181,
            "addon": 8680
        }
    },
    {
        "pk": 539941,
        "model": "bandwagon.collectionaddon",
        "fields": {
            "added": "2010-02-16 00:32:41",
            "created": null,
            "downloads": 0,
            "modified": "2010-02-16 00:32:41",
            "comments": null,
            "user": 5167634,
            "collection": 56735,
            "addon": 8680
        }
    },
    {
        "pk": 539940,
        "model": "bandwagon.collectionaddon",
        "fields": {
            "added": "2010-02-10 06:22:12",
            "created": null,
            "downloads": 0,
            "modified": null,
            "comments": null,
            "user": 1887605,
            "collection": 56209,
            "addon": 8680
        }
    },
    {
        "pk": 539939,
        "model": "bandwagon.collectionaddon",
        "fields": {
            "added": "2010-01-24 01:46:10",
            "created": null,
            "downloads": 0,
            "modified": "2010-01-24 01:46:10",
            "comments": null,
            "user": 2324475,
            "collection": 53852,
            "addon": 8680
        }
    },
    {
        "pk": 539938,
        "model": "bandwagon.collectionaddon",
        "fields": {
            "added": "2010-01-10 11:38:00",
            "created": null,
            "downloads": 1,
            "modified": null,
            "comments": null,
            "user": 4994606,
            "collection": 52014,
            "addon": 8680
        }
    },
    {
        "pk": 539937,
        "model": "bandwagon.collectionaddon",
        "fields": {
            "added": "2009-12-23 00:10:57",
            "created": null,
            "downloads": 0,
            "modified": "2009-12-23 00:10:57",
            "comments": null,
            "user": 4837881,
            "collection": 49872,
            "addon": 8680
        }
    },
    {
        "pk": 539936,
        "model": "bandwagon.collectionaddon",
        "fields": {
            "added": "2009-12-13 22:07:36",
            "created": null,
            "downloads": 0,
            "modified": null,
            "comments": null,
            "user": 226038,
            "collection": 48855,
            "addon": 8680
        }
    },
    {
        "pk": 539935,
        "model": "bandwagon.collectionaddon",
        "fields": {
            "added": "2009-12-30 14:49:45",
            "created": null,
            "downloads": 0,
            "modified": null,
            "comments": null,
            "user": 5049304,
            "collection": 47532,
            "addon": 8680
        }
    },
    {
        "pk": 539934,
        "model": "bandwagon.collectionaddon",
        "fields": {
            "added": "2009-11-12 18:02:57",
            "created": null,
            "downloads": 1,
            "modified": "2009-11-12 18:02:57",
            "comments": null,
            "user": 1349524,
            "collection": 41112,
            "addon": 8680
        }
    },
    {
        "pk": 539933,
        "model": "bandwagon.collectionaddon",
        "fields": {
            "added": "2009-10-14 07:06:14",
            "created": null,
            "downloads": 1,
            "modified": null,
            "comments": null,
            "user": 4949492,
            "collection": 40476,
            "addon": 8680
        }
    },
    {
        "pk": 539932,
        "model": "bandwagon.collectionaddon",
        "fields": {
            "added": "2009-09-25 01:24:27",
            "created": null,
            "downloads": 1,
            "modified": "2009-09-25 01:24:27",
            "comments": null,
            "user": 3396424,
            "collection": 38136,
            "addon": 8680
        }
    },
    {
        "pk": 539931,
        "model": "bandwagon.collectionaddon",
        "fields": {
            "added": "2009-09-19 14:57:20",
            "created": null,
            "downloads": 0,
            "modified": null,
            "comments": null,
            "user": 4916499,
            "collection": 37393,
            "addon": 8680
        }
    },
    {
        "pk": 539930,
        "model": "bandwagon.collectionaddon",
        "fields": {
            "added": "2010-01-07 03:58:00",
            "created": null,
            "downloads": 0,
            "modified": null,
            "comments": null,
            "user": 4912139,
            "collection": 36948,
            "addon": 8680
        }
    },
    {
        "pk": 539929,
        "model": "bandwagon.collectionaddon",
        "fields": {
            "added": "2009-09-10 03:14:38",
            "created": null,
            "downloads": 0,
            "modified": null,
            "comments": null,
            "user": 3992102,
            "collection": 35978,
            "addon": 8680
        }
    },
    {
        "pk": 539928,
        "model": "bandwagon.collectionaddon",
        "fields": {
            "added": "2009-09-09 00:08:44",
            "created": null,
            "downloads": 1,
            "modified": null,
            "comments": null,
            "user": 3590328,
            "collection": 35794,
            "addon": 8680
        }
    },
    {
        "pk": 539927,
        "model": "bandwagon.collectionaddon",
        "fields": {
            "added": "2009-08-13 02:26:07",
            "created": null,
            "downloads": 0,
            "modified": "2009-08-13 02:26:07",
            "comments": null,
            "user": 4865285,
            "collection": 30734,
            "addon": 8680
        }
    },
    {
        "pk": 539926,
        "model": "bandwagon.collectionaddon",
        "fields": {
            "added": "2009-10-27 00:47:24",
            "created": null,
            "downloads": 5,
            "modified": "2009-10-27 00:47:24",
            "comments": null,
            "user": 922141,
            "collection": 30442,
            "addon": 8680
        }
    },
    {
        "pk": 539925,
        "model": "bandwagon.collectionaddon",
        "fields": {
            "added": "2009-07-26 14:23:29",
            "created": null,
            "downloads": 2,
            "modified": "2009-07-26 14:23:29",
            "comments": null,
            "user": 4075880,
            "collection": 27110,
            "addon": 8680
        }
    },
    {
        "pk": 539924,
        "model": "bandwagon.collectionaddon",
        "fields": {
            "added": "2009-11-12 18:04:40",
            "created": null,
            "downloads": 1,
            "modified": "2009-11-12 18:04:40",
            "comments": null,
            "user": 1349524,
            "collection": 25988,
            "addon": 8680
        }
    },
    {
        "pk": 539923,
        "model": "bandwagon.collectionaddon",
        "fields": {
            "added": "2009-07-09 00:58:49",
            "created": null,
            "downloads": 2,
            "modified": "2009-07-09 00:58:49",
            "comments": null,
            "user": 2716093,
            "collection": 22266,
            "addon": 8680
        }
    },
    {
        "pk": 539922,
        "model": "bandwagon.collectionaddon",
        "fields": {
            "added": "2009-06-27 05:30:35",
            "created": null,
            "downloads": 6,
            "modified": null,
            "comments": null,
            "user": 1422803,
            "collection": 16840,
            "addon": 8680
        }
    },
    {
        "pk": 539921,
        "model": "bandwagon.collectionaddon",
        "fields": {
            "added": "2009-12-24 15:42:29",
            "created": null,
            "downloads": 0,
            "modified": "2009-12-24 15:42:29",
            "comments": null,
            "user": 1495479,
            "collection": 15085,
            "addon": 8680
        }
    },
    {
        "pk": 539920,
        "model": "bandwagon.collectionaddon",
        "fields": {
            "added": "2009-06-24 04:23:30",
            "created": null,
            "downloads": 15,
            "modified": null,
            "comments": null,
            "user": 2893306,
            "collection": 15024,
            "addon": 8680
        }
    },
    {
        "pk": 539919,
        "model": "bandwagon.collectionaddon",
        "fields": {
            "added": "2009-06-14 05:09:42",
            "created": null,
            "downloads": 6,
            "modified": null,
            "comments": null,
            "user": 4767171,
            "collection": 9425,
            "addon": 8680
        }
    },
    {
        "pk": 539918,
        "model": "bandwagon.collectionaddon",
        "fields": {
            "added": "2009-06-12 22:48:17",
            "created": null,
            "downloads": 6,
            "modified": null,
            "comments": null,
            "user": 2556370,
            "collection": 8398,
            "addon": 8680
        }
    },
    {
        "pk": 539917,
        "model": "bandwagon.collectionaddon",
        "fields": {
            "added": "2009-06-11 14:02:56",
            "created": null,
            "downloads": 39,
            "modified": "2009-06-11 14:02:56",
            "comments": null,
            "user": 4762934,
            "collection": 6343,
            "addon": 8680
        }
    },
    {
        "pk": 539916,
        "model": "bandwagon.collectionaddon",
        "fields": {
            "added": "2009-06-11 01:58:18",
            "created": null,
            "downloads": 59,
            "modified": null,
            "comments": null,
            "user": 4761416,
            "collection": 4422,
            "addon": 8680
        }
    },
    {
        "pk": 38337,
        "model": "addons.preview",
        "fields": {
            "caption": null,
            "filetype": "image/png",
            "created": "2009-10-28 02:01:00",
            "modified": "2009-10-28 02:01:55",
            "thumbtype": "image/png",
            "highlight": 0,
            "addon": 8680
        }
    },
    {
        "pk": 27015,
        "model": "addons.preview",
        "fields": {
            "caption": 260859,
            "filetype": "image/png",
            "created": "2008-10-29 23:28:22",
            "modified": "2008-10-29 23:28:23",
            "thumbtype": "image/png",
            "highlight": 0,
            "addon": 8680
        }
    },
    {
        "pk": 26454,
        "model": "addons.preview",
        "fields": {
            "caption": 246122,
            "filetype": "image/png",
            "created": "2008-10-03 02:11:20",
            "modified": "2008-10-03 02:11:20",
            "thumbtype": "image/png",
            "highlight": 0,
            "addon": 8680
        }
    },
    {
        "pk": 25907,
        "model": "addons.preview",
        "fields": {
            "caption": 232766,
            "filetype": "image/png",
            "created": "2008-09-12 06:47:29",
            "modified": "2008-09-12 06:47:29",
            "thumbtype": "image/png",
            "highlight": 0,
            "addon": 8680
        }
    },
    {
        "pk": 25894,
        "model": "addons.preview",
        "fields": {
            "caption": 232630,
            "filetype": "image/png",
            "created": "2008-09-12 03:30:48",
            "modified": "2008-09-12 03:30:48",
            "thumbtype": "image/png",
            "highlight": 0,
            "addon": 8680
        }
    },
    {
        "pk": 25443,
        "model": "addons.preview",
        "fields": {
            "caption": null,
            "filetype": "image/png",
            "created": "2008-09-01 06:22:18",
            "modified": "2008-09-12 03:32:43",
            "thumbtype": "image/png",
            "highlight": 0,
            "addon": 8680
        }
    },
    {
        "pk": 33116,
        "model": "addons.preview",
        "fields": {
            "caption": 395003,
            "filetype": "image/png",
            "created": "2009-06-10 03:30:18",
            "modified": "2009-06-10 03:31:10",
            "thumbtype": "image/png",
            "highlight": 1,
            "addon": 8680
        }
    },
    {
        "pk": 3453,
        "model": "addons.addonrecommendation",
        "fields": {
            "other_addon": 8680,
            "score": 0.13333300000000001,
            "addon": 669
        }
    },
    {
        "pk": 37733,
        "model": "addons.addonrecommendation",
        "fields": {
            "other_addon": 669,
            "score": 0.13333300000000001,
            "addon": 8680
        }
    },
    {
        "pk": 13625,
        "model": "addons.addoncategory",
        "fields": {
            "category": 92,
            "feature_locales": null,
            "feature": 0,
            "addon": 8680
        }
    },
    {
        "pk": 81235,
        "model": "versions.versionsummary",
        "fields": {
            "min": 97,
            "max": 291,
            "created": "2009-12-06 03:06:48",
            "modified": "2009-12-06 06:43:48",
            "application": 1,
            "version": 86740,
            "addon": 8680
        }
    },
    {
        "pk": 53016,
        "model": "versions.version",
        "fields": {
            "license": null,
            "created": "2008-08-31 00:18:12",
            "releasenotes": null,
            "approvalnotes": "All responses about this extension are accessible at a site forum\r\nhttp://forum.sape.ru/showthread.php?t=17226",
            "modified": "2008-08-31 00:27:02",
            "version": "0.9",
            "addon": 8680
        }
    },
    {
        "pk": 53370,
        "model": "versions.version",
        "fields": {
            "license": null,
            "created": "2008-09-05 05:36:47",
            "releasenotes": null,
            "approvalnotes": "All comments about this extensions:\r\nhttp://forum.sape.ru/showthread.php?t=17226",
            "modified": "2008-09-05 05:44:20",
            "version": "1.1",
            "addon": 8680
        }
    },
    {
        "pk": 53808,
        "model": "versions.version",
        "fields": {
            "license": null,
            "created": "2008-09-12 06:32:35",
            "releasenotes": null,
            "approvalnotes": "http://forum.sape.ru/showthread.php?t=17226",
            "modified": "2008-09-12 06:36:13",
            "version": "1.4",
            "addon": 8680
        }
    },
    {
        "pk": 53944,
        "model": "versions.version",
        "fields": {
            "license": null,
            "created": "2008-09-14 20:21:14",
            "releasenotes": null,
            "approvalnotes": "Additional mouse and keyboard events support",
            "modified": "2008-09-14 20:30:11",
            "version": "1.5.2",
            "addon": 8680
        }
    },
    {
        "pk": 54972,
        "model": "versions.version",
        "fields": {
            "license": null,
            "created": "2008-10-03 02:01:57",
            "releasenotes": null,
            "approvalnotes": "\u0420\u0430\u0441\u0448\u0438\u0440\u0435\u043d\u0438\u0435 \u0432\u043e\u0437\u043c\u043e\u0436\u043d\u043e\u0441\u0442\u0435\u0439",
            "modified": "2008-10-03 02:10:00",
            "version": "1.6",
            "addon": 8680
        }
    },
    {
        "pk": 55398,
        "model": "versions.version",
        "fields": {
            "license": null,
            "created": "2008-10-11 08:07:11",
            "releasenotes": null,
            "approvalnotes": "\u0420\u0430\u0441\u0448\u0438\u0440\u0435\u043d\u0438\u0435 \u0432\u043e\u0437\u043c\u043e\u0436\u043d\u043e\u0441\u0442\u0435\u0439, \u043e\u0434\u043d\u0430\u043a\u043e.\r\n180 \u043f\u043e\u043b\u044c\u0437\u043e\u0432\u0430\u0442\u0435\u043b\u0435\u0439 \u0435\u0436\u0435\u0434\u043d\u0435\u0432\u043d\u043e \u0443\u0436\u0435. \u041f\u043e\u0440\u0430 \u0432\u044b\u043f\u0443\u0441\u043a\u0430\u0442\u044c \u0440\u0430\u0441\u0448\u0438\u0440\u0435\u043d\u0438\u0435 \u0438\u0437 \u043f\u0435\u0441\u043e\u0447\u043d\u0438\u0446\u044b.",
            "modified": "2008-10-11 08:12:07",
            "version": "1.6.5",
            "addon": 8680
        }
    },
    {
        "pk": 56342,
        "model": "versions.version",
        "fields": {
            "license": null,
            "created": "2008-10-29 01:04:02",
            "releasenotes": null,
            "approvalnotes": "\u0414\u043e\u0431\u0430\u0432\u043b\u0435\u043d \u043f\u043e\u043a\u0430\u0437 \u043a\u0443\u0440\u0441\u0430 \u0434\u043e\u043b\u043b\u0430\u0440\u0430 \u043d\u0430 \u0441\u0442\u0440\u0430\u043d\u0438\u0446\u0435 \u0432\u044b\u0432\u043e\u0434\u0430 \u0441\u0440\u0435\u0434\u0441\u0442\u0432",
            "modified": "2008-10-29 01:08:34",
            "version": "1.7",
            "addon": 8680
        }
    },
    {
        "pk": 56988,
        "model": "versions.version",
        "fields": {
            "license": null,
            "created": "2008-11-10 22:48:58",
            "releasenotes": null,
            "approvalnotes": "\u041f\u0440\u043e\u0432\u0435\u0440\u043a\u0430 \u043f\u0440\u043e\u0438\u043d\u0434\u0435\u043a\u0441\u0438\u0440\u043e\u0432\u0430\u043d\u043d\u043e\u0441\u0442\u0438",
            "modified": "2008-11-10 22:54:45",
            "version": "1.8",
            "addon": 8680
        }
    },
    {
        "pk": 57355,
        "model": "versions.version",
        "fields": {
            "license": null,
            "created": "2008-11-17 22:01:20",
            "releasenotes": null,
            "approvalnotes": "\u0414\u043e\u0440\u0430\u0431\u043e\u0442\u043a\u0430 \u0441\u0443\u0449\u0435\u0441\u0442\u0432\u0443\u044e\u0449\u0435\u0433\u043e \u0444\u0443\u043d\u043a\u0446\u0438\u043e\u043d\u0430\u043b\u0430",
            "modified": "2008-11-17 22:16:25",
            "version": "1.8.5",
            "addon": 8680
        }
    },
    {
        "pk": 57465,
        "model": "versions.version",
        "fields": {
            "license": null,
            "created": "2008-11-19 19:22:22",
            "releasenotes": null,
            "approvalnotes": "\u041d\u043e\u0432\u044b\u0439 \u0444\u0443\u043d\u043a\u0446\u0438\u043e\u043d\u0430\u043b, \u0440\u0430\u0441\u0448\u0438\u0440\u0435\u043d\u0438\u0435 \u0441\u0442\u0430\u0440\u043e\u0433\u043e",
            "modified": "2008-11-19 19:41:17",
            "version": "1.9",
            "addon": 8680
        }
    },
    {
        "pk": 57965,
        "model": "versions.version",
        "fields": {
            "license": null,
            "created": "2008-11-28 10:25:56",
            "releasenotes": null,
            "approvalnotes": "",
            "modified": "2008-11-28 10:28:16",
            "version": "1.9.1",
            "addon": 8680
        }
    },
    {
        "pk": 58603,
        "model": "versions.version",
        "fields": {
            "license": null,
            "created": "2008-12-09 05:13:33",
            "releasenotes": null,
            "approvalnotes": "\u0420\u0430\u0441\u0448\u0438\u0440\u0435\u043d\u0438\u0435 \u0432\u043e\u0437\u043c\u043e\u0436\u043d\u043e\u0441\u0442\u0435\u0439",
            "modified": "2008-12-09 05:33:51",
            "version": "1.10",
            "addon": 8680
        }
    },
    {
        "pk": 59157,
        "model": "versions.version",
        "fields": {
            "license": null,
            "created": "2008-12-16 23:53:58",
            "releasenotes": null,
            "approvalnotes": "",
            "modified": "2008-12-16 23:59:54",
            "version": "1.10.5",
            "addon": 8680
        }
    },
    {
        "pk": 59841,
        "model": "versions.version",
        "fields": {
            "license": null,
            "created": "2008-12-28 22:21:18",
            "releasenotes": null,
            "approvalnotes": "\u043f\u0440\u0435\u0434\u0432\u0430\u0440\u0438\u0442\u0435\u043b\u044c\u043d\u044b\u0439 \u0440\u0435\u043b\u0438\u0437 \u0441 \u043c\u0435\u043b\u043a\u0438\u043c\u0438 \u0438\u0441\u043f\u0440\u0430\u0432\u043b\u0435\u043d\u0438\u044f\u043c\u0438",
            "modified": "2008-12-28 22:26:22",
            "version": "1.10.8",
            "addon": 8680
        }
    },
    {
        "pk": 60230,
        "model": "versions.version",
        "fields": {
            "license": null,
            "created": "2009-01-05 08:52:41",
            "releasenotes": null,
            "approvalnotes": "\u041c\u0435\u043b\u043a\u0438\u0435 \u0434\u043e\u0440\u0430\u0431\u043e\u0442\u043a\u0438 \u0432 \u043f\u0440\u043e\u0432\u0435\u0440\u043a\u0435 \u043f\u0440\u043e\u0438\u043d\u0434\u0435\u043a\u0441\u0438\u0440\u043e\u0432\u0430\u043d\u043d\u043e\u0441\u0442\u0438 \u0432 Google.",
            "modified": "2009-01-05 09:02:53",
            "version": "1.10.11",
            "addon": 8680
        }
    },
    {
        "pk": 60285,
        "model": "versions.version",
        "fields": {
            "license": null,
            "created": "2009-01-06 11:18:45",
            "releasenotes": null,
            "approvalnotes": "1. \u0414\u043e\u0431\u0430\u0432\u043b\u0435\u043d\u0430 \u043e\u043f\u0446\u0438\u044f, \u043f\u043e\u0437\u0432\u043e\u043b\u044f\u044e\u0449\u0430\u044f \u043f\u0440\u043e\u043f\u0443\u0441\u043a\u0430\u0442\u044c \u043f\u0440\u0438 \u043f\u0440\u043e\u0432\u0435\u0440\u043a\u0435 PageRank \u0441\u0442\u0440\u0430\u043d\u0438\u0446\u044b \u0441 \u043d\u0443\u043b\u0435\u0432\u044b\u043c \u0432\u0435\u0441\u043e\u043c\r\n\r\n2. \u0414\u043e\u0431\u0430\u0432\u043b\u0435\u043d\u0430 \u0432\u043e\u0437\u043c\u043e\u0436\u043d\u043e\u0441\u0442\u044c \u0441\u043e\u0437\u0434\u0430\u043d\u0438\u044f \u0441\u043e\u0431\u0441\u0442\u0432\u0435\u043d\u043d\u044b\u0445 \u043f\u043e\u043b\u044c\u0437\u043e\u0432\u0430\u0442\u0435\u043b\u044c\u0441\u043a\u0438\u0445 \u0444\u0438\u043b\u044c\u0442\u0440\u043e\u0432 \u0441 \u043f\u043e\u043c\u043e\u0449\u044c\u044e \u0440\u0435\u0433\u0443\u043b\u044f\u0440\u043d\u044b\u0445 \u0432\u044b\u0440\u0430\u0436\u0435\u043d\u0438\u0439 (\u0434\u043b\u044f \u043f\u0440\u043e\u0432\u0435\u0440\u043a\u0438 \u0437\u0430\u044f\u0432\u043e\u043a \u0432 \u0438\u043d\u0442\u0435\u0440\u0444\u0435\u0439\u0441\u0435 \u0432\u0435\u0431\u043c\u0430\u0441\u0442\u0435\u0440\u0430). ",
            "modified": "2009-01-06 11:23:18",
            "version": "1.11",
            "addon": 8680
        }
    },
    {
        "pk": 60510,
        "model": "versions.version",
        "fields": {
            "license": null,
            "created": "2009-01-10 00:40:06",
            "releasenotes": null,
            "approvalnotes": "\u0418\u043d\u0442\u0435\u0440\u0444\u0435\u0439\u0441 \u0432\u0435\u0431\u043c\u0430\u0441\u0442\u0435\u0440\u0430\r\n-------------------------------\r\n1. \u0414\u043e\u0431\u0430\u0432\u043b\u0435\u043d\u0430 \u0432\u043e\u0437\u043c\u043e\u0436\u043d\u043e\u0441\u0442\u044c \u043f\u043e\u043a\u0430\u0437\u0430 PageRank \u0432 \u0441\u043f\u0438\u0441\u043a\u0435 \u0441\u0442\u0440\u0430\u043d\u0438\u0446 \u0441\u0430\u0439\u0442\u0430 (\u043e\u0431\u044b\u0447\u043d\u044b\u0445 \u0438 \u043a\u043e\u043d\u0442\u0435\u043a\u0441\u0442\u043d\u044b\u0445).\r\n\r\n2. \u041d\u0430 \u0441\u0442\u0440\u0430\u043d\u0438\u0446\u0430\u0445 \u0441 \u043d\u043e\u0432\u044b\u043c\u0438 \u0437\u0430\u044f\u0432\u043a\u0430\u043c\u0438 \u0438 \u0441 \u0440\u0430\u0437\u043c\u0435\u0449\u0435\u043d\u043d\u044b\u043c\u0438 \u0441\u0441\u044b\u043b\u043a\u0430\u043c\u0438 \u0437\u0430\u0440\u0430\u0431\u043e\u0442\u0430\u043b\u0430 \u043a\u043d\u043e\u043f\u043a\u0430 YAP - \u043e\u043d\u0430 \u043f\u0440\u043e\u0432\u0435\u0440\u044f\u0435\u0442 \u043f\u0440\u043e\u0438\u043d\u0434\u0435\u043a\u0441\u0438\u0440\u043e\u0432\u0430\u043d\u043d\u043e\u0441\u0442\u044c \u0441\u0442\u0440\u0430\u043d\u0438\u0446, \u043d\u0430 \u043a\u043e\u0442\u043e\u0440\u044b\u0435 \u0432\u0435\u0434\u0443\u0442 \u043e\u043f\u0442\u0438\u043c\u0438\u0437\u0430\u0442\u043e\u0440\u0441\u043a\u0438\u0435 \u0441\u0441\u044b\u043b\u043a\u0438.\r\n\r\n3. \u041d\u0430 \u0441\u0442\u0440\u0430\u043d\u0438\u0446\u0435 \u0432\u044b\u0432\u043e\u0434\u0430 \u0441\u0440\u0435\u0434\u0441\u0442\u0432 \u0432 \u043a\u043e\u043d\u0442\u0435\u043a\u0441\u0442\u043d\u043e\u0435 \u043c\u0435\u043d\u044e \u0434\u043e\u0431\u0430\u0432\u043b\u0435\u043d \u043f\u0443\u043d\u043a\u0442 \"\u041f\u043e\u043a\u0430\u0437\u0430\u0442\u044c \u043a\u0443\u0440\u0441 \u0434\u043e\u043b\u043b\u0430\u0440\u0430\" \r\n\r\n\u0418\u043d\u0442\u0435\u0440\u0444\u0435\u0439\u0441 \u043e\u043f\u0442\u0438\u043c\u0438\u0437\u0430\u0442\u043e\u0440\u0430\r\n----------------------------------\r\n1. \u0412\u0441\u043f\u043b\u044b\u0432\u0430\u044e\u0449\u0430\u044f \u043f\u043e\u0434\u0441\u043a\u0430\u0437\u043a\u0430 \u0443 \u043a\u043d\u043e\u043f\u043a\u0438 GC* \u043f\u043e\u043a\u0430\u0437\u044b\u0432\u0430\u0435\u0442 \u0430\u0434\u0440\u0435\u0441 \u0441\u043a\u043b\u0435\u0435\u043d\u043e\u0439 \u0441\u0442\u0440\u0430\u043d\u0438\u0446\u044b, \u0435\u0441\u043b\u0438 \u0435\u0441\u0442\u044c \u043f\u043e\u0434\u043e\u0437\u0440\u0435\u043d\u0438\u0435 \u043d\u0430 \u0441\u043a\u043b\u0435\u0439\u043a\u0443.\r\n\r\n2. \u041f\u043e\u044f\u0432\u0438\u043b\u0430\u0441\u044c \u0432\u043e\u0437\u043c\u043e\u0436\u043d\u043e\u0441\u0442\u044c \u043f\u0440\u043e\u0432\u0435\u0440\u0438\u0442\u044c \u0441\u0430\u0439\u0442\u044b, \u043d\u0430 \u043a\u043e\u0442\u043e\u0440\u044b\u0445 \u0440\u0430\u0437\u043c\u0435\u0449\u0435\u043d\u044b \u0441\u0441\u044b\u043b\u043a\u0438, \u043d\u0430 \u0441\u043a\u043b\u0435\u0439\u043a\u0443 \u0422\u0418\u0426. \u0421\u043e\u043e\u0442\u0432\u0435\u0442\u0441\u0442\u0432\u0443\u044e\u0449\u0438\u0439 \u043f\u0443\u043d\u043a\u0442 \u0434\u043e\u0431\u0430\u0432\u043b\u0435\u043d \u0432 \u043a\u043e\u043d\u0442\u0435\u043a\u0441\u0442\u043d\u043e\u0435 \u043c\u0435\u043d\u044e.",
            "modified": "2009-01-10 00:43:26",
            "version": "1.12",
            "addon": 8680
        }
    },
    {
        "pk": 61004,
        "model": "versions.version",
        "fields": {
            "license": null,
            "created": "2009-01-19 00:37:14",
            "releasenotes": null,
            "approvalnotes": "\u0418\u043d\u0442\u0435\u0440\u0444\u0435\u0439\u0441 \u0432\u0435\u0431\u043c\u0430\u0441\u0442\u0435\u0440\u0430 \r\n\r\n- \u041f\u043e\u044f\u0432\u0438\u043b\u0430\u0441\u044c \u0432\u043e\u0437\u043c\u043e\u0436\u043d\u043e\u0441\u0442\u044c \u043f\u0440\u043e\u0432\u0435\u0440\u044f\u0442\u044c YAP \u0434\u043b\u044f \u043e\u043f\u0442\u0438\u043c\u0438\u0437\u0430\u0442\u043e\u0440\u0441\u043a\u0438\u0445 \u0441\u0441\u044b\u043b\u043e\u043a \u043d\u0430 \u0441\u0442\u0440\u0430\u043d\u0438\u0446\u0430\u0445 \u0437\u0430\u044f\u0432\u043e\u043a \u043a\u043e\u043d\u043a\u0440\u0435\u0442\u043d\u043e\u0439 \u043f\u043b\u043e\u0449\u0430\u0434\u043a\u0438, \u0430 \u043d\u0435 \u0442\u043e\u043b\u044c\u043a\u043e \u0432 \u043e\u0431\u0449\u0435\u043c \u0441\u043f\u0438\u0441\u043a\u0435.\r\n\r\n\u0418\u043d\u0442\u0435\u0440\u0444\u0435\u0439\u0441 \u043e\u043f\u0442\u0438\u043c\u0438\u0437\u0430\u0442\u043e\u0440\u0430 \r\n\r\n- \u0414\u043e\u0431\u0430\u0432\u043b\u0435\u043d\u0430 \u0432\u043e\u0437\u043c\u043e\u0436\u043d\u043e\u0441\u0442\u044c \u043f\u0440\u043e\u0432\u0435\u0440\u044f\u0442\u044c \u043f\u0430\u0440\u0430\u043c\u0435\u0442\u0440\u044b \u0441\u0441\u044b\u043b\u043e\u043a \u043d\u0430 \u0441\u0442\u0440\u0430\u043d\u0438\u0446\u0435 \u0441 \u0440\u0443\u0447\u043d\u044b\u043c \u043f\u043e\u0438\u0441\u043a\u043e\u043c \u043f\u043b\u043e\u0449\u0430\u0434\u043e\u043a. \u0414\u043b\u044f \u044d\u0442\u043e\u0433\u043e \u0434\u043e\u043b\u0436\u0435\u043d \u0431\u044b\u0442\u044c \u0432\u043a\u043b\u044e\u0447\u0435\u043d \u0440\u0435\u0436\u0438\u043c \u043f\u043e\u043a\u0430\u0437\u0430 \u0440\u0435\u0437\u0443\u043b\u044c\u0442\u0430\u0442\u043e\u0432 \u0432 \u0432\u0438\u0434\u0435 \u0442\u0430\u0431\u043b\u0438\u0446\u044b.\r\n- \u041f\u043e\u044f\u0432\u0438\u043b\u0430\u0441\u044c \u0432\u043e\u0437\u043c\u043e\u0436\u043d\u043e\u0441\u0442\u044c \u0432\u044b\u0431\u043e\u0440\u043e\u0447\u043d\u043e\u0433\u043e \u044d\u043a\u0441\u043f\u043e\u0440\u0442\u0430 \u0440\u0430\u0437\u043c\u0435\u0449\u0435\u043d\u043d\u044b\u0445 \u0441\u0441\u044b\u043b\u043e\u043a \u0432 \u0442\u0435\u043a\u0441\u0442\u043e\u0432\u044b\u0439 \u0444\u0430\u0439\u043b (\u044d\u043a\u0441\u043f\u043e\u0440\u0442\u0438\u0440\u0443\u044e\u0442\u0441\u044f \u043e\u0442\u043c\u0435\u0447\u0435\u043d\u043d\u044b\u0435 \u0433\u0430\u043b\u043e\u0447\u043a\u0430\u043c\u0438 \u0441\u0441\u044b\u043b\u043a\u0438). \u0421\u043e\u043e\u0442\u0432\u0435\u0442\u0441\u0442\u0432\u0443\u044e\u0449\u0438\u0439 \u043f\u0443\u043d\u043a\u0442 \u0434\u043e\u0431\u0430\u0432\u043b\u0435\u043d \u0432 \u043a\u043e\u043d\u0442\u0435\u043a\u0441\u0442\u043d\u043e\u0435 \u043c\u0435\u043d\u044e \u0440\u0430\u0441\u0448\u0438\u0440\u0435\u043d\u0438\u044f.",
            "modified": "2009-01-19 00:42:38",
            "version": "1.13.1",
            "addon": 8680
        }
    },
    {
        "pk": 61127,
        "model": "versions.version",
        "fields": {
            "license": null,
            "created": "2009-01-20 22:45:48",
            "releasenotes": null,
            "approvalnotes": "Firefox 3.1 support",
            "modified": "2009-01-20 22:51:55",
            "version": "1.14",
            "addon": 8680
        }
    },
    {
        "pk": 61247,
        "model": "versions.version",
        "fields": {
            "license": null,
            "created": "2009-01-22 23:13:44",
            "releasenotes": null,
            "approvalnotes": "+ \u0414\u043e\u0431\u0430\u0432\u043b\u0435\u043d\u0430 \u0432\u043e\u0437\u043c\u043e\u0436\u043d\u043e\u0441\u0442\u044c \u044d\u043a\u0441\u043f\u043e\u0440\u0442\u0430 \u0438\u0437\u0432\u0435\u0449\u0435\u043d\u0438\u0439 \u0432 \u0442\u0435\u043a\u0441\u0442\u043e\u0432\u044b\u0439 \u0444\u0430\u0439\u043b\r\n- \u0418\u0441\u043f\u0440\u0430\u0432\u043b\u0435\u043d\u0430 \u043e\u0448\u0438\u0431\u043a\u0430 \u0432 \u043e\u0431\u0440\u0430\u0431\u043e\u0442\u043a\u0435 \u0440\u0435\u0433\u0443\u043b\u044f\u0440\u043d\u044b\u0445 \u0432\u044b\u0440\u0430\u0436\u0435\u043d\u0438\u0439, \u0441\u043e\u0434\u0435\u0440\u0436\u0430\u0449\u0438\u0445 \u0440\u0443\u0441\u0441\u043a\u0438\u0435 \u0431\u0443\u043a\u0432\u044b",
            "modified": "2009-01-22 23:15:39",
            "version": "1.15.2",
            "addon": 8680
        }
    },
    {
        "pk": 45463,
        "model": "files.file",
        "fields": {
            "status": 1,
            "codereview": 0,
            "hash": "sha256:b5178a1d691da788996d7d819913dd12213e198220021d9fa189a5079212a8a0",
            "created": "2009-01-22 23:13:44",
            "modified": "2009-01-22 23:15:27",
            "filename": "___________________sape-1.15.2-fx.xpi",
            "platform": 1,
            "version": 61247,
            "datestatuschanged": null,
            "size": 61
        }
    },
    {
        "pk": 61473,
        "model": "versions.version",
        "fields": {
            "license": null,
            "created": "2009-01-26 21:44:53",
            "releasenotes": null,
            "approvalnotes": "\u0414\u043e\u0431\u0430\u0432\u043b\u0435\u043d \u043d\u043e\u0432\u044b\u0439 \u0444\u0438\u043b\u044c\u0442\u0440, \u043f\u043e\u0437\u0432\u043e\u043b\u044f\u044e\u0449\u0438\u0439 \u043a\u043e\u043d\u0442\u0440\u043e\u043b\u043b\u0438\u0440\u043e\u0432\u0430\u0442\u044c URL \u0441\u0442\u0440\u0430\u043d\u0438\u0446. \u041f\u0440\u0435\u0434\u043d\u0430\u0437\u043d\u0430\u0447\u0435\u043d \u0434\u043b\u044f \u0431\u044b\u0441\u0442\u0440\u043e\u0439 \u043e\u0442\u043c\u0435\u0442\u043a\u0438 \u0441\u0442\u0440\u0430\u043d\u0438\u0446 \u0441 \u0441\u0435\u0441\u0441\u0438\u044f\u043c\u0438 \u0432 \u0430\u0434\u0440\u0435\u0441\u0435, \u043f\u0440\u043e\u0444\u0438\u043b\u0435\u0439 \u043f\u043e\u043b\u044c\u0437\u043e\u0432\u0430\u0442\u0435\u043b\u0435\u0439, \u0442\u043e\u043f\u0438\u043a\u043e\u0432 \u0444\u043e\u0440\u0443\u043c\u043e\u0432, \u0441\u0442\u0440\u0430\u043d\u0438\u0446 \u043f\u043e\u0438\u0441\u043a\u0430 \u043f\u0435\u0440\u0435\u0434 \u043c\u043e\u0434\u0435\u0440\u0430\u0446\u0438\u0435\u0439 \u043f\u043b\u043e\u0449\u0430\u0434\u043a\u0438 \u0432 \u0438\u043d\u0442\u0435\u0440\u0444\u0435\u0439\u0441\u0435 \u0432\u0435\u0431\u043c\u0430\u0441\u0442\u0435\u0440\u0430.\r\n\u0412 \u0438\u043d\u0442\u0435\u0440\u0444\u0435\u0439\u0441\u0435 \u043e\u043f\u0442\u0438\u043c\u0438\u0437\u0430\u0442\u043e\u0440\u0430 \u044d\u0442\u043e\u0442 \u0436\u0435 \u0444\u0438\u043b\u044c\u0442\u0440 \u043f\u043e\u0437\u0432\u043e\u043b\u0438\u0442 \u043d\u0430\u0439\u0442\u0438 \u043f\u043e\u0434\u043e\u0431\u043d\u044b\u0435 \u0441\u0442\u0440\u0430\u043d\u0438\u0446\u044b \u0432 \u0441\u043f\u0438\u0441\u043a\u0435 \u0443\u0436\u0435 \u0440\u0430\u0437\u043c\u0435\u0449\u0435\u043d\u043d\u044b\u0445 \u0441\u0441\u044b\u043b\u043e\u043a \u0438 \u043d\u043e\u0432\u044b\u0445 \u0437\u0430\u044f\u0432\u043e\u043a.",
            "modified": "2009-01-26 21:55:50",
            "version": "1.16",
            "addon": 8680
        }
    },
    {
        "pk": 63036,
        "model": "versions.version",
        "fields": {
            "license": null,
            "created": "2009-02-19 07:58:26",
            "releasenotes": null,
            "approvalnotes": "\u0418\u0441\u043f\u0440\u0430\u0432\u043b\u0435\u043d\u0430 \u043f\u0440\u043e\u0432\u0435\u0440\u043a\u0430 PageRank \u0438 \u0444\u0438\u043b\u044c\u0442\u0440 URL \u0432 \u0441\u043f\u0438\u0441\u043a\u0435 \u0441\u0442\u0440\u0430\u043d\u0438\u0446 \u0432\u0435\u0431\u043c\u0430\u0441\u0442\u0435\u0440\u0441\u043a\u0438\u0445 \u0441\u0430\u0439\u0442\u043e\u0432 - \u0438\u0437-\u0437\u0430 \u0438\u0437\u043c\u0435\u043d\u0435\u043d\u0438\u0439 \u0432 \u0438\u043d\u0442\u0435\u0440\u0444\u0435\u0439\u0441\u0435 \u0444\u0443\u043d\u043a\u0446\u0438\u0438 \u0440\u0430\u0431\u043e\u0442\u0430\u043b\u0438 \u043d\u0435 \u0432\u0435\u0440\u043d\u043e.",
            "modified": "2009-02-19 08:01:52",
            "version": "1.16.3",
            "addon": 8680
        }
    },
    {
        "pk": 63699,
        "model": "versions.version",
        "fields": {
            "license": null,
            "created": "2009-03-02 04:03:56",
            "releasenotes": null,
            "approvalnotes": "1. \u0412 \u0441\u043f\u0438\u0441\u043a\u0435 \u0441\u0442\u0440\u0430\u043d\u0438\u0446 \u043f\u043b\u043e\u0449\u0430\u0434\u043a\u0438 \u043f\u043e\u044f\u0432\u0438\u043b\u0441\u044f \u044d\u043a\u0441\u043f\u043e\u0440\u0442 \u043e\u0442\u043c\u0435\u0447\u0435\u043d\u043d\u044b\u0445 \u0441\u0441\u044b\u043b\u043e\u043a \u0432 \u0442\u0435\u043a\u0441\u0442\u043e\u0432\u044b\u0439 \u0444\u0430\u0439\u043b\r\n\r\n2. \u0414\u043e\u0431\u0430\u0432\u043b\u0435\u043d\u0430 \u0432\u043e\u0437\u043c\u043e\u0436\u043d\u043e\u0441\u0442\u044c \u043d\u0430\u0441\u0442\u0440\u043e\u0439\u043a\u0438 \u043a\u043e\u043b\u0438\u0447\u0435\u0441\u0442\u0432\u0430 \u043f\u043e\u0432\u0442\u043e\u0440\u043e\u0432 \u043e\u0434\u0438\u043d\u0430\u043a\u043e\u0432\u044b\u0445 \u0441\u043b\u043e\u0432 \u0434\u043b\u044f \u0444\u0438\u043b\u044c\u0442\u0440\u0430 \u0437\u0430\u044f\u0432\u043e\u043a [3]. \u0422\u0435\u043f\u0435\u0440\u044c \u043c\u043e\u0436\u043d\u043e \u0438\u0441\u043a\u0430\u0442\u044c \u0434\u0432\u0430, \u0442\u0440\u0438 \u0438\u043b\u0438 \u0447\u0435\u0442\u044b\u0440\u0435 \u043e\u0434\u0438\u043d\u0430\u043a\u043e\u0432\u044b\u0445 \u0441\u043b\u043e\u0432\u0430 \u0432 \u043b\u044e\u0431\u043e\u043c \u043c\u0435\u0441\u0442\u0435 \u0437\u0430\u044f\u0432\u043a\u0438.\r\n\r\n3. \u041d\u0430 \u0441\u0442\u0440\u0430\u043d\u0438\u0446\u0435 \u043d\u043e\u0432\u044b\u0445 \u0437\u0430\u044f\u0432\u043e\u043a \u0432 \u0432\u0435\u0431\u043c\u0430\u0441\u0442\u0435\u0440\u0441\u043a\u043e\u043c \u0438\u043d\u0442\u0435\u0440\u0444\u0435\u0439\u0441\u0435 \u043f\u0440\u0438 \u043f\u0440\u043e\u0432\u0435\u0440\u043a\u0435 \u043f\u0440\u043e\u0438\u043d\u0434\u0435\u043a\u0441\u0438\u0440\u043e\u0432\u0430\u043d\u043d\u043e\u0441\u0442\u0438 \u043e\u043f\u0442\u0438\u043c\u0438\u0437\u0430\u0442\u043e\u0440\u0441\u043a\u0438\u0445 \u0441\u0442\u0440\u0430\u043d\u0438\u0446 \u043f\u043e\u043f\u0443\u0442\u043d\u043e \u0434\u043e\u0431\u0430\u0432\u043b\u044f\u0435\u0442\u0441\u044f \u043a\u043d\u043e\u043f\u043a\u0430 \u0434\u043b\u044f \u043f\u0440\u043e\u0432\u0435\u0440\u043a\u0438 \u0432\u0441\u0435\u0433\u043e \u0441\u0430\u0439\u0442\u0430 [HOST].\r\n\r\n4. \u041e\u043f\u0440\u0435\u0434\u0435\u043b\u044f\u0435\u0442\u0441\u044f \u043f\u043e\u043f\u0430\u0434\u0430\u043d\u0438\u0435 \u043d\u0430 \u0441\u0442\u0440\u0430\u043d\u0438\u0446\u0443 \u0441 \u043a\u0430\u043f\u0447\u0435\u0439 \u043c\u0430\u0439\u043b\u0430 \u0438\u043b\u0438 \u044f\u043d\u0434\u0435\u043a\u0441\u0430 \u043f\u0440\u0438 \u043f\u0440\u043e\u0432\u0435\u0440\u043a\u0435 YAP \u0438 YAL - \u043f\u0440\u043e\u0432\u0435\u0440\u043a\u0430 \u043e\u0441\u0442\u0430\u043d\u0430\u0432\u043b\u0438\u0432\u0430\u0435\u0442\u0441\u044f \u0441 \u0441\u043e\u043e\u0442\u0432\u0435\u0442\u0441\u0442\u0432\u0443\u044e\u0449\u0438\u043c \u043f\u0440\u0435\u0434\u0443\u043f\u0440\u0435\u0436\u0434\u0435\u043d\u0438\u0435\u043c",
            "modified": "2009-03-02 04:06:55",
            "version": "1.16.5",
            "addon": 8680
        }
    },
    {
        "pk": 64502,
        "model": "versions.version",
        "fields": {
            "license": null,
            "created": "2009-03-15 00:50:02",
            "releasenotes": null,
            "approvalnotes": "1. \u041d\u0430 \u0441\u0442\u0440\u0430\u043d\u0438\u0446\u0435 \u0441 \u043a\u0443\u043f\u043b\u0435\u043d\u043d\u044b\u043c\u0438 \u0441\u0441\u044b\u043b\u043a\u0430\u043c\u0438 \u0432 \u0438\u043d\u0442\u0435\u0440\u0444\u0435\u0439\u0441\u0435 \u043e\u043f\u0442\u0438\u043c\u0438\u0437\u0430\u0442\u043e\u0440\u0430 \u043f\u043e\u044f\u0432\u0438\u043b\u0430\u0441\u044c \u0432\u043e\u0437\u043c\u043e\u0436\u043d\u043e\u0441\u0442\u044c \u0431\u044b\u0441\u0442\u0440\u043e\u0439 \u043e\u0442\u043c\u0435\u0442\u043a\u0438 \u043f\u043e \u0443\u0441\u043b\u043e\u0432\u0438\u044f\u043c\r\n\r\n2. \u0412 \u0438\u043d\u0442\u0435\u0440\u0444\u0435\u0439\u0441\u0435 \u0432\u0435\u0431\u043c\u0430\u0441\u0442\u0435\u0440\u0430 \u043f\u0440\u0438 \u043f\u0440\u043e\u0432\u0435\u0440\u043a\u0435 \u043f\u0440\u043e\u0438\u043d\u0434\u0435\u043a\u0441\u0438\u0440\u043e\u0432\u0430\u043d\u043d\u043e\u0441\u0442\u0438 \u0441\u0442\u0440\u0430\u043d\u0438\u0446, \u043d\u0430 \u043a\u043e\u0442\u043e\u0440\u044b\u0435 \u0432\u0435\u0434\u0443\u0442 \u043e\u043f\u0442\u0438\u043c\u0438\u0437\u0430\u0442\u043e\u0440\u0441\u043a\u0438\u0435 \u0441\u0441\u044b\u043b\u043a\u0438, \u0430\u0432\u0442\u043e\u043c\u0430\u0442\u0438\u0447\u0435\u0441\u043a\u0438 \u043f\u0440\u043e\u0432\u0435\u0440\u044f\u0435\u0442\u0441\u044f \u043f\u0440\u043e\u0438\u043d\u0434\u0435\u043a\u0441\u0438\u0440\u043e\u0432\u0430\u043d\u043d\u043e\u0441\u0442\u044c \u0432\u0441\u0435\u0433\u043e \u0434\u043e\u043c\u0435\u043d\u0430. \r\n\r\n3. \u0412 \u0438\u043d\u0442\u0435\u0440\u0444\u0435\u0439\u0441\u0435 \u0432\u0435\u0431\u043c\u0430\u0441\u0442\u0435\u0440\u0430 \u043d\u0430 \u0441\u0442\u0440\u0430\u043d\u0438\u0446\u0435 \u0441 \u043d\u043e\u0432\u044b\u043c\u0438 \u0437\u0430\u044f\u0432\u043a\u0430\u043c\u0438 \u043f\u043e\u044f\u0432\u0438\u043b\u0430\u0441\u044c \u0432\u043e\u0437\u043c\u043e\u0436\u043d\u043e\u0441\u0442\u044c \u043e\u0442\u043c\u0435\u0447\u0430\u0442\u044c \u0442\u0435 \u0437\u0430\u044f\u0432\u043a\u0438, \u043a\u043e\u0442\u043e\u0440\u044b\u0435 \u0437\u0430 \u043d\u0435\u0441\u043a\u043e\u043b\u044c\u043a\u043e \u043f\u043e\u0441\u043b\u0435\u0434\u043d\u0438\u0445 \u0434\u043d\u0435\u0439 \u043d\u0435\u0431\u044b\u043b\u0438 \u043f\u043e\u0434\u0442\u0432\u0435\u0440\u0436\u0434\u0435\u043d\u044b \u043f\u043e \u043f\u0440\u0438\u0447\u0438\u043d\u0435 \"\u043d\u0435 \u043f\u043e\u0434\u0442\u0432\u0435\u0440\u0434\u0438\u043b \u0432 \u0442\u0435\u0447\u0435\u043d\u0438\u0438 3 \u0434\u043d\u0435\u0439\"",
            "modified": "2009-03-15 01:05:41",
            "version": "1.17",
            "addon": 8680
        }
    },
    {
        "pk": 64569,
        "model": "versions.version",
        "fields": {
            "license": null,
            "created": "2009-03-16 01:40:53",
            "releasenotes": null,
            "approvalnotes": "bugfix",
            "modified": "2009-03-17 03:11:08",
            "version": "1.17.1",
            "addon": 8680
        }
    },
    {
        "pk": 64982,
        "model": "versions.version",
        "fields": {
            "license": null,
            "created": "2009-03-21 23:41:16",
            "releasenotes": null,
            "approvalnotes": "\u0418\u0441\u043f\u0440\u0430\u0432\u043b\u0435\u043d\u0438\u044f \u0432 \u0440\u0430\u0431\u043e\u0442\u0435 \u0444\u0438\u043b\u044c\u0442\u0440\u0430 WAIT \u0432 \u0441\u0432\u044f\u0437\u0438 \u0441 \u0438\u0437\u043c\u0435\u043d\u0435\u043d\u0438\u0435\u043c \u043f\u0440\u0438\u043d\u0438\u043c\u0430\u0435\u043c\u044b\u0445 \u043f\u0430\u0440\u0430\u043c\u0435\u0442\u0440\u043e\u0432 \u043d\u0430 \u0441\u0442\u0440\u0430\u043d\u0438\u0446\u0435 \u0438\u0437\u0432\u0435\u0449\u0435\u043d\u0438\u0439.",
            "modified": "2009-03-21 23:41:41",
            "version": "1.17.2",
            "addon": 8680
        }
    },
    {
        "pk": 65079,
        "model": "versions.version",
        "fields": {
            "license": null,
            "created": "2009-03-23 10:44:55",
            "releasenotes": null,
            "approvalnotes": "\u0414\u043e\u0431\u0430\u0432\u043b\u0435\u043d\u0430 \u0432\u043e\u0437\u043c\u043e\u0436\u043d\u043e\u0441\u0442\u044c \u043f\u0440\u043e\u0432\u0435\u0440\u044f\u0442\u044c \u043f\u0440\u043e\u0438\u043d\u0434\u0435\u043a\u0441\u0438\u0440\u043e\u0432\u0430\u043d\u043d\u043e\u0441\u0442\u044c \u0441\u0442\u0440\u0430\u043d\u0438\u0446 \u0438 \u0441\u0441\u044b\u043b\u043e\u043a \u043d\u0430\u043f\u0440\u044f\u043c\u0443\u044e \u0447\u0435\u0440\u0435\u0437 yandex.ru",
            "modified": "2009-03-23 10:46:11",
            "version": "1.18",
            "addon": 8680
        }
    },
    {
        "pk": 65280,
        "model": "versions.version",
        "fields": {
            "license": null,
            "created": "2009-03-26 11:02:31",
            "releasenotes": null,
            "approvalnotes": "\u0418\u0441\u043f\u0440\u0430\u0432\u043b\u0435\u043d\u0438\u044f, \u0441\u0432\u044f\u0437\u0430\u043d\u043d\u044b\u0435 \u0441 \u0438\u0437\u043c\u0435\u043d\u0435\u043d\u0438\u0435\u043c \u043f\u043e\u0440\u044f\u0434\u043a\u0430 \u043a\u043e\u043b\u043e\u043d\u043e\u043a \u0422\u0418\u0426 \u0438 PageRank \u0432 \u0438\u043d\u0442\u0435\u0440\u0444\u0435\u0439\u0441\u0435 \u0431\u0438\u0440\u0436\u0438",
            "modified": "2009-03-26 11:03:43",
            "version": "1.18.1",
            "addon": 8680
        }
    },
    {
        "pk": 66963,
        "model": "versions.version",
        "fields": {
            "license": null,
            "created": "2009-04-22 07:44:28",
            "releasenotes": null,
            "approvalnotes": "Four thousand users per day can not make mistakes :-)",
            "modified": "2009-04-22 07:47:15",
            "version": "1.20",
            "addon": 8680
        }
    },
    {
        "pk": 68095,
        "model": "versions.version",
        "fields": {
            "license": 5,
            "created": "2009-05-10 05:44:39",
            "releasenotes": 378852,
            "approvalnotes": "bugfix",
            "modified": "2009-05-10 05:47:24",
            "version": "1.20.6",
            "addon": 8680
        }
    },
    {
        "pk": 69521,
        "model": "versions.version",
        "fields": {
            "license": 5,
            "created": "2009-06-01 23:54:24",
            "releasenotes": 390198,
            "approvalnotes": "",
            "modified": "2009-06-02 00:34:48",
            "version": "1.20.7",
            "addon": 8680
        }
    },
    {
        "pk": 54443,
        "model": "files.file",
        "fields": {
            "status": 1,
            "codereview": 0,
            "hash": "sha256:626718a5c53cf885de78da853e9e46312932b0880e0075194ea7df5754a37ac6",
            "created": "2009-06-02 00:35:16",
            "modified": "2009-06-02 00:35:16",
            "filename": "webmaster_sape-1.20.7-fx.xpi",
            "platform": 1,
            "version": 69521,
            "datestatuschanged": "2009-06-02 00:35:16",
            "size": 87
        }
    },
    {
        "pk": 70590,
        "model": "versions.version",
        "fields": {
            "license": 5,
            "created": "2009-06-17 02:22:45",
            "releasenotes": 427464,
            "approvalnotes": "Wrap some loose variables and functions within a JavaScript object. (Thanks to Shawn Wilsher for the previous review)",
            "modified": "2009-06-17 04:17:15",
            "version": "1.20.8",
            "addon": 8680
        }
    },
    {
        "pk": 71447,
        "model": "versions.version",
        "fields": {
            "license": 5,
            "created": "2009-06-29 04:35:17",
            "releasenotes": 446677,
            "approvalnotes": "",
            "modified": "2009-06-29 06:21:15",
            "version": "1.21",
            "addon": 8680
        }
    },
    {
        "pk": 71831,
        "model": "versions.version",
        "fields": {
            "license": 5,
            "created": "2009-07-01 04:59:46",
            "releasenotes": 452552,
            "approvalnotes": "",
            "modified": "2009-07-03 07:46:00",
            "version": "1.21.1",
            "addon": 8680
        }
    },
    {
        "pk": 74554,
        "model": "versions.version",
        "fields": {
            "license": 5,
            "created": "2009-07-27 02:03:25",
            "releasenotes": null,
            "approvalnotes": "",
            "modified": "2009-07-27 02:22:23",
            "version": "1.24",
            "addon": 8680
        }
    },
    {
        "pk": 74660,
        "model": "versions.version",
        "fields": {
            "license": 5,
            "created": "2009-07-28 05:59:20",
            "releasenotes": null,
            "approvalnotes": "",
            "modified": "2009-07-28 06:00:08",
            "version": "1.24.1",
            "addon": 8680
        }
    },
    {
        "pk": 78006,
        "model": "versions.version",
        "fields": {
            "license": null,
            "created": "2009-09-07 07:51:15",
            "releasenotes": null,
            "approvalnotes": "",
            "modified": "2009-09-07 07:51:40",
            "version": "1.24.2",
            "addon": 8680
        }
    },
    {
        "pk": 79195,
        "model": "versions.version",
        "fields": {
            "license": null,
            "created": "2009-09-23 23:01:48",
            "releasenotes": null,
            "approvalnotes": "",
            "modified": "2009-09-23 23:03:34",
            "version": "1.24.3",
            "addon": 8680
        }
    },
    {
        "pk": 80385,
        "model": "versions.version",
        "fields": {
            "license": 5,
            "created": "2009-10-07 12:25:50",
            "releasenotes": null,
            "approvalnotes": "",
            "modified": "2009-10-07 12:27:13",
            "version": "1.25",
            "addon": 8680
        }
    },
    {
        "pk": 80514,
        "model": "versions.version",
        "fields": {
            "license": 5,
            "created": "2009-10-09 04:25:57",
            "releasenotes": null,
            "approvalnotes": "",
            "modified": "2009-10-09 04:32:57",
            "version": "1.26",
            "addon": 8680
        }
    },
    {
        "pk": 80859,
        "model": "versions.version",
        "fields": {
            "license": 5,
            "created": "2009-10-13 01:38:58",
            "releasenotes": null,
            "approvalnotes": "",
            "modified": "2009-10-13 01:49:05",
            "version": "1.27",
            "addon": 8680
        }
    },
    {
        "pk": 81267,
        "model": "versions.version",
        "fields": {
            "license": 5,
            "created": "2009-10-17 11:54:27",
            "releasenotes": null,
            "approvalnotes": "",
            "modified": "2009-10-17 11:54:46",
            "version": "1.28",
            "addon": 8680
        }
    },
    {
        "pk": 81901,
        "model": "versions.version",
        "fields": {
            "license": 5,
            "created": "2009-10-25 12:13:58",
            "releasenotes": null,
            "approvalnotes": "",
            "modified": "2009-11-01 02:31:25",
            "version": "1.29",
            "addon": 8680
        }
    },
    {
        "pk": 55654,
        "model": "files.file",
        "fields": {
            "status": 1,
            "codereview": 0,
            "hash": "sha256:7bedc26f78a6d472848db6b55c217d670d23c74d45b81e4508674071dea38e63",
            "created": "2009-06-17 04:17:34",
            "modified": "2009-06-17 04:17:34",
            "filename": "webmaster_sape-1.20.8-fx.xpi",
            "platform": 1,
            "version": 70590,
            "datestatuschanged": "2009-06-17 04:17:33",
            "size": 81
        }
    },
    {
        "pk": 60260,
        "model": "files.file",
        "fields": {
            "status": 1,
            "codereview": 0,
            "hash": "sha256:162d44f5041cd4ad2feabada068d98a5e25d962d9c830e181979f6f114bd0f02",
            "created": "2009-07-28 05:59:20",
            "modified": "2009-07-28 06:00:07",
            "filename": "webmaster_sape-1.24.1-fx.xpi",
            "platform": 1,
            "version": 74660,
            "datestatuschanged": "2009-07-28 05:59:19",
            "size": 84
        }
    },
    {
        "pk": 67799,
        "model": "files.file",
        "fields": {
            "status": 4,
            "codereview": 0,
            "hash": "sha256:09471f8aab3b53e611e45620755412349a0eaf434df1c904be3442410bfebc23",
            "created": "2009-10-25 12:13:58",
            "modified": "2009-11-01 02:31:17",
            "filename": "webmaster_sape-1.29-fx.xpi",
            "platform": 1,
            "version": 81901,
            "datestatuschanged": "2009-10-30 14:44:17",
            "size": 105
        }
    },
    {
        "pk": 83896,
        "model": "versions.version",
        "fields": {
            "license": 5,
            "created": "2009-11-11 04:57:38",
            "releasenotes": 678316,
            "approvalnotes": "",
            "modified": "2009-11-11 05:04:10",
            "version": "1.29.1",
            "addon": 8680
        }
    },
    {
        "pk": 84494,
        "model": "versions.version",
        "fields": {
            "license": 5,
            "created": "2009-11-16 04:04:52",
            "releasenotes": 685253,
            "approvalnotes": "",
            "modified": "2009-11-17 03:57:48",
            "version": "1.30",
            "addon": 8680
        }
    },
    {
        "pk": 85110,
        "model": "versions.version",
        "fields": {
            "license": 5,
            "created": "2009-11-20 22:26:41",
            "releasenotes": 691733,
            "approvalnotes": "",
            "modified": "2009-11-20 22:28:35",
            "version": "1.31",
            "addon": 8680
        }
    },
    {
        "pk": 22864,
        "model": "files.approval",
        "fields": {
            "created": "2010-01-14 14:15:28",
            "user": 4230,
            "modified": "2010-01-14 14:15:28",
            "reviewtype": "pending",
            "applications": "Firefox",
            "comments": "Your update has been approved. Thanks!\r\n\r\nHowever, it looks like you're storing passwords in the user preferences. You should switch to using the Login Manager in your next version, to allow better security and choice for the user.",
            "file": 71943,
            "action": 4,
            "reply_to": null,
            "os": "Mac OS X",
            "addon": 8680
        }
    },
    {
        "pk": 19939,
        "model": "files.approval",
        "fields": {
            "created": "2009-10-30 14:44:20",
            "user": 4230,
            "modified": null,
            "reviewtype": "nominated",
            "applications": "",
            "comments": "Congratulations, your addon has been approved for public status.\r\n\r\nKeep up the good work!\r\n\r\nThe Mac OS X bug is actually a bug in Firefox. The height of the window can often be too little to hold the content. I recommend you set a min-height to the window to try to prevent this problem. Thanks.",
            "file": 67799,
            "action": 4,
            "reply_to": null,
            "os": "",
            "addon": 8680
        }
    },
    {
        "pk": 17826,
        "model": "files.approval",
        "fields": {
            "created": "2009-08-30 18:20:19",
            "user": 1302979,
            "modified": null,
            "reviewtype": "nominated",
            "applications": "",
            "comments": "Hi there,\r\n\r\nYour preferences window still exhibits the same behaviour the preferences in the Mac version of firefox. \r\n\r\nYou can either address the issue or drop support for the mac version of the browser.\r\n\r\nPlease address this before your next nomination. \r\nAlso include some steps on how to test the main feature of your addon.\r\n\r\nThanks",
            "file": 60260,
            "action": 1,
            "reply_to": null,
            "os": "",
            "addon": 8680
        }
    },
    {
        "pk": 15779,
        "model": "files.approval",
        "fields": {
            "created": "2009-06-28 15:21:52",
            "user": 1302979,
            "modified": null,
            "reviewtype": "nominated",
            "applications": "",
            "comments": "Hi there,\r\n\r\nThanks for the addon!\r\nHowever it has some issues with the preferences window\r\n\r\nhttp://tinypic.com/r/20avqfm/5 <window capture of the preferences. \r\n\r\nSome of the content gets cut off for the Mac version of Firefox.\r\n\r\nPlease address this before you renominate.\r\n\r\n-Zad",
            "file": 55654,
            "action": 1,
            "reply_to": null,
            "os": "",
            "addon": 8680
        }
    },
    {
        "pk": 14680,
        "model": "files.approval",
        "fields": {
            "created": "2009-06-03 14:23:30",
            "user": 97044,
            "modified": null,
            "reviewtype": "nominated",
            "applications": "",
            "comments": "In order to prevent conflicts with other add-ons that may be installed by users, you need to wrap your 'loose' variables and functions within a JavaScript object. You can see an example of how to do this @ http://blogger.ziesemer.com/2007/10/respecting-javascript-global-namespace.html.  Specifically, sq_lib.js is loaded into the global scope.\r\n\r\nWith this fixed, I see no reason for this add-on to not be pushed to public.  Sorry for the delay!",
            "file": 54443,
            "action": 1,
            "reply_to": null,
            "os": "",
            "addon": 8680
        }
    },
    {
        "pk": 11409,
        "model": "files.approval",
        "fields": {
            "created": "2009-01-23 13:03:50",
            "user": 822552,
            "modified": null,
            "reviewtype": "nominated",
            "applications": "",
            "comments": "In order to prevent conflicts with other addons that may be installed by users, you need to wrap your 'loose' variables and functions within a JavaScript object. You can see an example of how to do this @ http://blogger.ziesemer.com/2007/10/respecting-javascript-global-namespace.html.\r\n\r\nI also noticed that chrome/layout.js is empty. Please fix this issue as well.\r\n\r\nThanks.",
            "file": 45463,
            "action": 1,
            "reply_to": null,
            "os": "",
            "addon": 8680
        }
    },
    {
        "pk": 176506046,
        "model": "stats.sharecounttotal",
        "fields": {
            "count": 7,
            "service": "twitter",
            "addon": 8680
        }
    },
    {
        "pk": 176506045,
        "model": "stats.sharecounttotal",
        "fields": {
            "count": 2,
            "service": "myspace",
            "addon": 8680
        }
    },
    {
        "pk": 176506044,
        "model": "stats.sharecounttotal",
        "fields": {
            "count": 14,
            "service": "friendfeed",
            "addon": 8680
        }
    },
    {
        "pk": 176506043,
        "model": "stats.sharecounttotal",
        "fields": {
            "count": 10,
            "service": "facebook",
            "addon": 8680
        }
    },
    {
        "pk": 176506042,
        "model": "stats.sharecounttotal",
        "fields": {
            "count": 44,
            "service": "digg",
            "addon": 8680
        }
    },
    {
        "pk": 176506041,
        "model": "stats.sharecounttotal",
        "fields": {
            "count": 16,
            "service": "delicious",
            "addon": 8680
        }
    },
    {
        "pk": 78602,
        "model": "stats.sharecount",
        "fields": {
            "count": 1,
            "date": "2009-03-16",
            "service": "friendfeed",
            "addon": 8680
        }
    },
    {
        "pk": 78593,
        "model": "stats.sharecount",
        "fields": {
            "count": 1,
            "date": "2009-03-16",
            "service": "facebook",
            "addon": 8680
        }
    },
    {
        "pk": 78594,
        "model": "stats.sharecount",
        "fields": {
            "count": 1,
            "date": "2009-03-23",
            "service": "facebook",
            "addon": 8680
        }
    },
    {
        "pk": 78603,
        "model": "stats.sharecount",
        "fields": {
            "count": 1,
            "date": "2009-03-26",
            "service": "friendfeed",
            "addon": 8680
        }
    },
    {
        "pk": 78568,
        "model": "stats.sharecount",
        "fields": {
            "count": 1,
            "date": "2009-03-26",
            "service": "digg",
            "addon": 8680
        }
    },
    {
        "pk": 78552,
        "model": "stats.sharecount",
        "fields": {
            "count": 1,
            "date": "2009-03-30",
            "service": "delicious",
            "addon": 8680
        }
    },
    {
        "pk": 78553,
        "model": "stats.sharecount",
        "fields": {
            "count": 1,
            "date": "2009-04-01",
            "service": "delicious",
            "addon": 8680
        }
    },
    {
        "pk": 78569,
        "model": "stats.sharecount",
        "fields": {
            "count": 1,
            "date": "2009-04-03",
            "service": "digg",
            "addon": 8680
        }
    },
    {
        "pk": 78554,
        "model": "stats.sharecount",
        "fields": {
            "count": 1,
            "date": "2009-04-03",
            "service": "delicious",
            "addon": 8680
        }
    },
    {
        "pk": 78555,
        "model": "stats.sharecount",
        "fields": {
            "count": 1,
            "date": "2009-04-04",
            "service": "delicious",
            "addon": 8680
        }
    },
    {
        "pk": 78570,
        "model": "stats.sharecount",
        "fields": {
            "count": 1,
            "date": "2009-04-07",
            "service": "digg",
            "addon": 8680
        }
    },
    {
        "pk": 78571,
        "model": "stats.sharecount",
        "fields": {
            "count": 2,
            "date": "2009-04-13",
            "service": "digg",
            "addon": 8680
        }
    },
    {
        "pk": 78572,
        "model": "stats.sharecount",
        "fields": {
            "count": 1,
            "date": "2009-04-14",
            "service": "digg",
            "addon": 8680
        }
    },
    {
        "pk": 78573,
        "model": "stats.sharecount",
        "fields": {
            "count": 1,
            "date": "2009-04-15",
            "service": "digg",
            "addon": 8680
        }
    },
    {
        "pk": 78595,
        "model": "stats.sharecount",
        "fields": {
            "count": 1,
            "date": "2009-04-17",
            "service": "facebook",
            "addon": 8680
        }
    },
    {
        "pk": 78574,
        "model": "stats.sharecount",
        "fields": {
            "count": 1,
            "date": "2009-04-21",
            "service": "digg",
            "addon": 8680
        }
    },
    {
        "pk": 78575,
        "model": "stats.sharecount",
        "fields": {
            "count": 1,
            "date": "2009-04-22",
            "service": "digg",
            "addon": 8680
        }
    },
    {
        "pk": 78604,
        "model": "stats.sharecount",
        "fields": {
            "count": 1,
            "date": "2009-04-24",
            "service": "friendfeed",
            "addon": 8680
        }
    },
    {
        "pk": 78556,
        "model": "stats.sharecount",
        "fields": {
            "count": 1,
            "date": "2009-04-25",
            "service": "delicious",
            "addon": 8680
        }
    },
    {
        "pk": 78596,
        "model": "stats.sharecount",
        "fields": {
            "count": 1,
            "date": "2009-04-29",
            "service": "facebook",
            "addon": 8680
        }
    },
    {
        "pk": 78576,
        "model": "stats.sharecount",
        "fields": {
            "count": 1,
            "date": "2009-04-30",
            "service": "digg",
            "addon": 8680
        }
    },
    {
        "pk": 78577,
        "model": "stats.sharecount",
        "fields": {
            "count": 2,
            "date": "2009-05-04",
            "service": "digg",
            "addon": 8680
        }
    },
    {
        "pk": 78578,
        "model": "stats.sharecount",
        "fields": {
            "count": 2,
            "date": "2009-05-06",
            "service": "digg",
            "addon": 8680
        }
    },
    {
        "pk": 78605,
        "model": "stats.sharecount",
        "fields": {
            "count": 2,
            "date": "2009-05-06",
            "service": "friendfeed",
            "addon": 8680
        }
    },
    {
        "pk": 78579,
        "model": "stats.sharecount",
        "fields": {
            "count": 1,
            "date": "2009-05-08",
            "service": "digg",
            "addon": 8680
        }
    },
    {
        "pk": 78580,
        "model": "stats.sharecount",
        "fields": {
            "count": 1,
            "date": "2009-05-14",
            "service": "digg",
            "addon": 8680
        }
    },
    {
        "pk": 78597,
        "model": "stats.sharecount",
        "fields": {
            "count": 1,
            "date": "2009-05-14",
            "service": "facebook",
            "addon": 8680
        }
    },
    {
        "pk": 78612,
        "model": "stats.sharecount",
        "fields": {
            "count": 1,
            "date": "2009-05-14",
            "service": "myspace",
            "addon": 8680
        }
    },
    {
        "pk": 78581,
        "model": "stats.sharecount",
        "fields": {
            "count": 1,
            "date": "2009-05-16",
            "service": "digg",
            "addon": 8680
        }
    },
    {
        "pk": 78606,
        "model": "stats.sharecount",
        "fields": {
            "count": 1,
            "date": "2009-05-17",
            "service": "friendfeed",
            "addon": 8680
        }
    },
    {
        "pk": 78557,
        "model": "stats.sharecount",
        "fields": {
            "count": 1,
            "date": "2009-05-18",
            "service": "delicious",
            "addon": 8680
        }
    },
    {
        "pk": 78598,
        "model": "stats.sharecount",
        "fields": {
            "count": 1,
            "date": "2009-05-18",
            "service": "facebook",
            "addon": 8680
        }
    },
    {
        "pk": 78582,
        "model": "stats.sharecount",
        "fields": {
            "count": 1,
            "date": "2009-05-20",
            "service": "digg",
            "addon": 8680
        }
    },
    {
        "pk": 78583,
        "model": "stats.sharecount",
        "fields": {
            "count": 1,
            "date": "2009-05-21",
            "service": "digg",
            "addon": 8680
        }
    },
    {
        "pk": 78584,
        "model": "stats.sharecount",
        "fields": {
            "count": 1,
            "date": "2009-05-22",
            "service": "digg",
            "addon": 8680
        }
    },
    {
        "pk": 78558,
        "model": "stats.sharecount",
        "fields": {
            "count": 1,
            "date": "2009-05-22",
            "service": "delicious",
            "addon": 8680
        }
    },
    {
        "pk": 78613,
        "model": "stats.sharecount",
        "fields": {
            "count": 1,
            "date": "2009-05-25",
            "service": "myspace",
            "addon": 8680
        }
    },
    {
        "pk": 78585,
        "model": "stats.sharecount",
        "fields": {
            "count": 2,
            "date": "2009-05-26",
            "service": "digg",
            "addon": 8680
        }
    },
    {
        "pk": 78586,
        "model": "stats.sharecount",
        "fields": {
            "count": 1,
            "date": "2009-05-28",
            "service": "digg",
            "addon": 8680
        }
    },
    {
        "pk": 78559,
        "model": "stats.sharecount",
        "fields": {
            "count": 1,
            "date": "2009-05-30",
            "service": "delicious",
            "addon": 8680
        }
    },
    {
        "pk": 78560,
        "model": "stats.sharecount",
        "fields": {
            "count": 1,
            "date": "2009-05-31",
            "service": "delicious",
            "addon": 8680
        }
    },
    {
        "pk": 78607,
        "model": "stats.sharecount",
        "fields": {
            "count": 1,
            "date": "2009-05-31",
            "service": "friendfeed",
            "addon": 8680
        }
    },
    {
        "pk": 78587,
        "model": "stats.sharecount",
        "fields": {
            "count": 4,
            "date": "2009-06-01",
            "service": "digg",
            "addon": 8680
        }
    },
    {
        "pk": 78561,
        "model": "stats.sharecount",
        "fields": {
            "count": 1,
            "date": "2009-06-01",
            "service": "delicious",
            "addon": 8680
        }
    },
    {
        "pk": 78599,
        "model": "stats.sharecount",
        "fields": {
            "count": 1,
            "date": "2009-06-01",
            "service": "facebook",
            "addon": 8680
        }
    },
    {
        "pk": 78588,
        "model": "stats.sharecount",
        "fields": {
            "count": 8,
            "date": "2009-06-02",
            "service": "digg",
            "addon": 8680
        }
    },
    {
        "pk": 78608,
        "model": "stats.sharecount",
        "fields": {
            "count": 1,
            "date": "2009-06-02",
            "service": "friendfeed",
            "addon": 8680
        }
    },
    {
        "pk": 78562,
        "model": "stats.sharecount",
        "fields": {
            "count": 1,
            "date": "2009-06-02",
            "service": "delicious",
            "addon": 8680
        }
    },
    {
        "pk": 78589,
        "model": "stats.sharecount",
        "fields": {
            "count": 2,
            "date": "2009-06-03",
            "service": "digg",
            "addon": 8680
        }
    },
    {
        "pk": 78600,
        "model": "stats.sharecount",
        "fields": {
            "count": 1,
            "date": "2009-06-03",
            "service": "facebook",
            "addon": 8680
        }
    },
    {
        "pk": 78563,
        "model": "stats.sharecount",
        "fields": {
            "count": 1,
            "date": "2009-06-03",
            "service": "delicious",
            "addon": 8680
        }
    },
    {
        "pk": 78609,
        "model": "stats.sharecount",
        "fields": {
            "count": 2,
            "date": "2009-06-03",
            "service": "friendfeed",
            "addon": 8680
        }
    },
    {
        "pk": 78564,
        "model": "stats.sharecount",
        "fields": {
            "count": 1,
            "date": "2009-06-04",
            "service": "delicious",
            "addon": 8680
        }
    },
    {
        "pk": 78610,
        "model": "stats.sharecount",
        "fields": {
            "count": 1,
            "date": "2009-06-04",
            "service": "friendfeed",
            "addon": 8680
        }
    },
    {
        "pk": 78590,
        "model": "stats.sharecount",
        "fields": {
            "count": 2,
            "date": "2009-06-05",
            "service": "digg",
            "addon": 8680
        }
    },
    {
        "pk": 78601,
        "model": "stats.sharecount",
        "fields": {
            "count": 1,
            "date": "2009-06-05",
            "service": "facebook",
            "addon": 8680
        }
    },
    {
        "pk": 78565,
        "model": "stats.sharecount",
        "fields": {
            "count": 1,
            "date": "2009-06-05",
            "service": "delicious",
            "addon": 8680
        }
    },
    {
        "pk": 78611,
        "model": "stats.sharecount",
        "fields": {
            "count": 1,
            "date": "2009-06-06",
            "service": "friendfeed",
            "addon": 8680
        }
    },
    {
        "pk": 78591,
        "model": "stats.sharecount",
        "fields": {
            "count": 1,
            "date": "2009-06-06",
            "service": "digg",
            "addon": 8680
        }
    },
    {
        "pk": 78592,
        "model": "stats.sharecount",
        "fields": {
            "count": 1,
            "date": "2009-06-07",
            "service": "digg",
            "addon": 8680
        }
    },
    {
        "pk": 78566,
        "model": "stats.sharecount",
        "fields": {
            "count": 1,
            "date": "2009-06-08",
            "service": "delicious",
            "addon": 8680
        }
    },
    {
        "pk": 78567,
        "model": "stats.sharecount",
        "fields": {
            "count": 1,
            "date": "2009-06-09",
            "service": "delicious",
            "addon": 8680
        }
    },
    {
        "pk": 107352,
        "model": "stats.sharecount",
        "fields": {
            "count": 1,
            "date": "2009-08-13",
            "service": "twitter",
            "addon": 8680
        }
    },
    {
        "pk": 146106,
        "model": "stats.sharecount",
        "fields": {
            "count": 1,
            "date": "2009-10-08",
            "service": "twitter",
            "addon": 8680
        }
    },
    {
        "pk": 161996,
        "model": "stats.sharecount",
        "fields": {
            "count": 1,
            "date": "2009-11-01",
            "service": "digg",
            "addon": 8680
        }
    },
    {
        "pk": 168013,
        "model": "stats.sharecount",
        "fields": {
            "count": 1,
            "date": "2009-11-07",
            "service": "digg",
            "addon": 8680
        }
    },
    {
        "pk": 181781,
        "model": "stats.sharecount",
        "fields": {
            "count": 1,
            "date": "2009-12-02",
            "service": "digg",
            "addon": 8680
        }
    },
    {
        "pk": 189435,
        "model": "stats.sharecount",
        "fields": {
            "count": 1,
            "date": "2009-12-03",
            "service": "twitter",
            "addon": 8680
        }
    },
    {
        "pk": 192167,
        "model": "stats.sharecount",
        "fields": {
            "count": 1,
            "date": "2009-12-21",
            "service": "twitter",
            "addon": 8680
        }
    },
    {
        "pk": 204523,
        "model": "stats.sharecount",
        "fields": {
            "count": 1,
            "date": "2010-01-10",
            "service": "facebook",
            "addon": 8680
        }
    },
    {
        "pk": 212888,
        "model": "stats.sharecount",
        "fields": {
            "count": 1,
            "date": "2010-01-25",
            "service": "friendfeed",
            "addon": 8680
        }
    },
    {
        "pk": 214198,
        "model": "stats.sharecount",
        "fields": {
            "count": 1,
            "date": "2010-01-27",
            "service": "friendfeed",
            "addon": 8680
        }
    },
    {
        "pk": 218575,
        "model": "stats.sharecount",
        "fields": {
            "count": 2,
            "date": "2010-02-03",
            "service": "twitter",
            "addon": 8680
        }
    },
    {
        "pk": 226786,
        "model": "stats.sharecount",
        "fields": {
            "count": 1,
            "date": "2010-02-12",
            "service": "twitter",
            "addon": 8680
        }
    }
]
