[
    {
        "pk": 60,
        "model": "applications.application",
        "fields": {
            "guid": "{a23983c0-fd0e-11dc-95ff-0800200c9a66}",
            "modified": "2008-10-28 18:25:09",
            "created": "2008-10-28 18:25:09"
        }
    },
    {
        "pk": 67984,
        "model": "translations.translation",
        "fields": {
            "locale": "en-US",
            "id": 39111,
            "localized_string": "Extensions are small add-ons that add new functionality to %1$s, from a simple toolbar button to a completely new feature. They allow you to customize %1$s to fit your own needs and preferences, while letting us keep %1$s itself light and lean.",
            "modified": "2007-03-26 20:06:20",
            "created": "2007-03-22 20:51:22"
        }
    },
    {
        "pk": 68015,
        "model": "translations.translation",
        "fields": {
            "locale": "en-US",
            "id": 39112,
            "localized_string": "Extensions",
            "modified": "2007-03-26 20:06:20",
            "created": "2007-03-22 21:16:47"
        }
    },
    {
        "pk": 67951,
        "model": "translations.translation",
        "fields": {
            "locale": "en-US",
            "id": 39109,
            "localized_string": "Extension",
            "modified": "2007-03-26 20:06:20",
            "created": "2007-03-22 20:51:22"
        }
    },
    {
        "pk": 1,
        "model": "addons.addontype",
        "fields": {
            "modified": "2009-02-06 08:42:28",
            "created": "2006-08-22 23:53:19",
            "description": 39111,
            "name": 39109,
            "name_plural": 39112
        }
    },
    {
        "pk": 1,
        "model": "applications.application",
        "fields": {
            "guid": "{ec8030f7-c20a-464f-9b0e-13a3a9e97384}",
            "modified": "2008-11-03 15:34:59",
            "created": "2007-03-05 13:09:26"
        }
    },
    {
        "pk": 58459,
        "model": "translations.translation",
        "fields": {
            "locale": "en-US",
            "id": 37940,
            "localized_string": "These tools notify you about or help you work with various types of data found on web pages.",
            "modified": "2007-10-12 17:02:23",
            "created": "2007-03-05 16:06:55"
        }
    },
    {
        "pk": 58426,
        "model": "translations.translation",
        "fields": {
            "locale": "en-US",
            "localized_string": "Alerts & Updates",
            "id": 37939,
            "modified": "2007-10-12 17:02:23",
            "created": "2007-03-05 16:06:55"
        }
    },
    {
        "pk": 18,
        "model": "applications.application",
        "fields": {
            "guid": "{3550f703-e582-4d05-9a08-453d09bdfdc6}",
            "created": "2006-08-21 23:53:19"
        }
    },
    {
        "pk": 36151,
        "model": "translations.translation",
        "fields": {
            "locale": "en-US",
            "created": "2001-01-01 13:14:15",
            "id": 36151,
            "localized_string": "Best Addon Evar"
        }
    },
    {
        "pk": 1,
        "model": "translations.translation",
        "fields": {
            "locale": "en-US",
            "created": "2001-01-01 13:14:15",
            "id": 1,
            "localized_string": "ALL"
        }
    },
    {
        "pk": 15000,
        "model": "translations.translation",
        "fields": {
            "locale": "en-US",
            "localized_string": "Delicious Bookmarks",
            "id": 15000,
            "modified": "2009-03-26 07:41:10",
            "created": "2007-03-05 13:10:42"
        }
    },
    {
        "pk": 29034,
        "model": "translations.translation",
        "fields": {
            "locale": "en-US",
            "localized_string": "Delicious blah blah blah",
            "id": 15002,
            "modified": "2009-04-29 11:20:57",
            "created": "2007-03-05 13:10:42"
        }
    },
    {
        "pk": 1,
        "model": "files.platform",
        "fields": {
            "icontype": "",
            "modified": "2008-04-07 08:16:55",
            "created": "2007-03-05 13:09:27"
        }
    },
    {
        "pk": 2,
        "model": "addons.addontype",
        "fields": {
            "modified": "2009-02-06 08:42:28",
            "created": "2006-08-21 23:53:24"
        }
    },
    {
        "pk": 55021,
        "model": "users.userprofile",
        "fields": {
            "sandboxshown": 1,
            "password": "sha512$61ba34cb04c185f51ca6b5c3132bfbf5b4d6b16c329ff076039c597c0d14912f$9b461aca85bcbc326c0555c3165ff526eabdce82a49c7408bbb71121d3d9d48499c952b96dc520cb4accbca0df0cd1d17756873d08e488a9a144aaf34cb78bf1",
            "resetcode": "",
            "notifyevents": 1,
            "firstname": "Carl",
            "created": "2007-03-05 13:09:56",
            "deleted": 0,
            "display_collections_fav": 0,
            "modified": "2007-07-21 11:45:47",
            "emailhidden": 1,
            "display_collections": 0,
            "nickname": "carlsjr",
            "confirmationcode": "",
            "location": "",
            "lastname": "Yahoo!, Jr.",
            "notifycompat": 1,
            "picture_type": "",
            "occupation": "",
            "homepage": "http://www.yahoo.com/",
            "email": "dd+0cb167b9@davedash.com",
            "averagerating": "3.11"
        }
    },
    {
        "pk": 3615,
        "model": "addons.addon",
        "fields": {
            "dev_agreement": 1,
            "last_updated": "2009-10-21 09:58:52",
            "average_daily_downloads": 5928,
            "total_downloads": 5175276,
            "inactive": 0,
            "view_source": 0,
            "show_beta": 1,
            "guid": "{2fa4ed95-0317-4c6a-a74c-5f3e3912c1f9}",
            "trusted": 1,
            "binary": 0,
            "annoying": 0,
            "weekly_downloads": 20178,
            "paypal_id": "",
            "average_rating": "3.02",
            "wants_contributions": 0,
            "average_daily_users": 493241,
            "bayesian_rating": 3.06941,
            "share_count": 5,
            "type": 1,
            "public_stats": 0,
            "status": 4,
            "description": 15002,
            "default_locale": "en-US",
            "prerelease": 0,
            "admin_review": 0,
            "external_software": 0,
            "highest_status": 4,
            "name": 15000,
            "icon_type": "image/png",
            "created": "2006-10-23 12:57:41",
            "modified": "2009-10-21 09:58:52",
            "summary": 36151,
            "site_specific": 1,
            "total_reviews": 389,
            "nomination_date": "2009-03-26 07:41:12"
        }
    },
    {
        "pk": 24007,
        "model": "versions.version",
        "fields": {
            "license": null,
            "created": "2006-10-23 12:57:41",
            "modified": "2006-10-23 19:22:18",
            "approvalnotes": "",
            "version": "1.0.43",
            "addon": 3615
        }
    },
    {
        "pk": 1,
        "model": "versions.version",
        "fields": {
            "addon": 3615,
            "version": "1.2",
            "approvalnotes": "",
            "modified": "2006-10-24 12:00:01",
            "created": "2006-10-24 12:00:00"
        }
    },
    {
        "pk": 2,
        "model": "versions.version",
        "fields": {
            "created": "2006-08-21 23:53:19",
            "addon": 3615
        }
    },
    {
        "pk": 200,
        "model": "applications.appversion",
        "fields": {
            "application": 1,
            "version": "1",
            "version_int": 1,
            "created": "2006-08-21 23:53:19"
        }
    },
    {
        "pk": 201,
        "model": "applications.appversion",
        "fields": {
            "application": 1,
            "version": "2",
            "version_int": 2,
            "created": "2006-08-21 23:53:19"
        }
    },
    {
        "pk": 202,
        "model": "applications.appversion",
        "fields": {
            "application": 18,
            "version": "1",
            "version_int": 1,
            "created": "2006-08-21 23:53:19"
        }
    },
    {
        "pk": 203,
        "model": "applications.appversion",
        "fields": {
            "application": 18,
            "version": "2",
            "version_int": 2,
            "created": "2006-08-21 23:53:19"
        }
    },
    {
        "pk": 240071,
        "model": "versions.applicationsversions",
        "fields": {
            "application": 1,
            "max": 201,
            "version": 24007,
            "min": 200
        }
    },
    {
        "pk": 20,
        "model": "versions.applicationsversions",
        "fields": {
            "application": 1,
            "max": 201,
            "version": 2,
            "min": 200
        }
    },
    {
        "pk": 21,
        "model": "versions.applicationsversions",
        "fields": {
            "application": 18,
            "max": 203,
            "version": 2,
            "min": 202
        }
    },
    {
        "pk": 11993,
        "model": "files.file",
        "fields": {
            "status": 4,
            "codereview": 0,
            "hash": "sha256:5b5aaf7b38e332cc95d92ba759c01c3076b53a840f6c16e01dc272eefcb29566",
            "created": "2007-03-05 13:19:15",
            "modified": "2007-04-04 12:30:11",
            "filename": "del.icio.us_bookmarks-1.0.43-fx.xpi",
            "platform": 1,
            "version": 24007,
            "size": 169
        }
    },
    {
        "pk": 1,
        "model": "files.file",
        "fields": {
            "status": 1,
            "codereview": 0,
            "hash": "sha256:5b5aaf7b38e332cc95d92ba759c01c3076b53a840f6c16e01dc272eefcb29566",
            "created": "2007-03-05 13:19:15",
            "modified": "2007-04-04 12:30:11",
            "filename": "del.icio.us_bookmarks-1.2-fx.xpi",
            "platform": 1,
            "version": 1,
            "size": 169,
            "datestatuschanged": null
        }
    },
    {
        "pk": 129780,
        "model": "translations.translation",
        "fields": {
            "locale": "en-US",
            "localized_string": "macos theme",
            "id": 129780,
            "modified": "2009-03-26 07:41:10",
            "created": "2007-03-05 13:10:42"
        }
    },
    {
        "pk": 7172,
        "model": "addons.addon",
        "fields": {
            "dev_agreement": 1,
            "last_updated": "2009-09-22 01:49:51",
            "average_daily_downloads": 1325,
            "total_downloads": 751302,
            "inactive": 0,
            "view_source": 0,
            "show_beta": 1,
            "guid": "{00352F14-3F76-4e4d-ACFF-9976D7E4B3B9}",
            "trusted": 0,
            "binary": 0,
            "annoying": 0,
            "weekly_downloads": 7523,
            "paypal_id": "",
            "average_rating": "4.56",
            "wants_contributions": 0,
            "average_daily_users": 66334,
            "bayesian_rating": 4.5321899999999999,
            "share_count": 2,
            "type": 2,
            "public_stats": 1,
            "status": 4,
            "default_locale": "en-US",
            "prerelease": 0,
            "admin_review": 0,
            "external_software": 0,
            "highest_status": 4,
            "name": 129780,
            "created": "2008-05-01 00:59:36",
            "modified": "2009-09-22 01:49:51",
            "site_specific": 0,
            "total_reviews": 346,
            "nomination_date": "2009-03-21 09:17:07"
        }
    },
    {
        "pk": 7172,
        "model": "versions.version",
        "fields": {
            "created": "2006-08-21 23:53:19",
            "addon": 7172
        }
    },
    {
        "pk": 7172,
        "model": "versions.applicationsversions",
        "fields": {
            "application": 1,
            "max": 201,
            "version": 7172,
            "min": 200
        }
    },
    {
        "pk": 7172,
        "model": "files.file",
        "fields": {
            "status": 4,
            "codereview": 0,
            "hash": "sha256:5b5aaf7b38e332cc95d92ba759c01c3076b53a840f6c16e01dc272eefcb29566",
            "created": "2007-03-05 13:19:15",
            "modified": "2007-04-04 12:30:11",
            "filename": "del.icio.us_bookmarks-1.2-fx.xpi",
            "platform": 1,
            "version": 7172,
            "size": 169,
            "datestatuschanged": null
        }
    },
    {
        "pk": 73,
        "model": "translations.translation",
        "fields": {
            "locale": "en-US",
            "created": "2001-01-01 13:14:15",
            "id": 73,
            "localized_string": "z addon seventy-three"
        }
    },
    {
        "pk": 73,
        "model": "addons.addon",
        "fields": {
            "status": 4,
            "last_updated": "2008-08-21 23:53:19",
            "name": 73,
            "weekly_downloads": 23523,
            "created": "2006-08-21 23:53:19",
            "modified": "2006-08-21 23:53:19",
            "bayesian_rating": 0.80000000000000004,
            "type": 1
        }
    },
    {
        "pk": 73,
        "model": "versions.version",
        "fields": {
            "created": "2006-08-21 23:53:19",
            "addon": 73
        }
    },
    {
        "pk": 73,
        "model": "versions.applicationsversions",
        "fields": {
            "application": 1,
            "max": 201,
            "version": 73,
            "min": 200
        }
    },
    {
        "pk": 73,
        "model": "files.file",
        "fields": {
            "status": 4,
            "codereview": 0,
            "hash": "sha256:5b5aaf7b38e332cc95d92ba759c01c3076b53a840f6c16e01dc272eefcb29566",
            "created": "2007-03-05 13:19:15",
            "modified": "2007-04-04 12:30:11",
            "filename": "del.icio.us_bookmarks-1.2-fx.xpi",
            "platform": 1,
            "version": 73,
            "size": 169,
            "datestatuschanged": null
        }
    },
    {
        "pk": 55,
        "model": "translations.translation",
        "fields": {
            "locale": "en-US",
            "created": "2001-01-01 13:14:15",
            "id": 55,
            "localized_string": "addon fifty-five"
        }
    },
    {
        "pk": 55,
        "model": "addons.addon",
        "fields": {
            "status": 1,
            "last_updated": "2006-08-21 23:53:19",
            "name": 55,
            "weekly_downloads": 3865386,
            "created": "2006-08-21 23:53:19",
            "modified": "2006-08-21 23:53:19",
            "bayesian_rating": 1.0,
            "type": 1
        }
    },
    {
        "pk": 55,
        "model": "versions.version",
        "fields": {
            "created": "2006-08-21 23:53:19",
            "addon": 55
        }
    },
    {
        "pk": 55,
        "model": "versions.applicationsversions",
        "fields": {
            "application": 1,
            "max": 201,
            "version": 55,
            "min": 200
        }
    },
    {
        "pk": 55,
        "model": "files.file",
        "fields": {
            "status": 1,
            "codereview": 0,
            "hash": "sha256:5b5aaf7b38e332cc95d92ba759c01c3076b53a840f6c16e01dc272eefcb29566",
            "created": "2007-03-05 13:19:15",
            "modified": "2007-04-04 12:30:11",
            "filename": "del.icio.us_bookmarks-1.2-fx.xpi",
            "platform": 1,
            "version": 55,
            "size": 169,
            "datestatuschanged": null
        }
    },
    {
        "pk": 25981,
        "model": "addons.preview",
        "fields": {
            "thumbtype": "image/png",
            "filetype": "image/png",
            "created": "2008-09-15 01:30:44",
            "modified": "2008-09-15 01:30:44",
            "caption": null,
            "highlight": 0,
            "addon": 7172
        }
    },
    {
        "pk": 4043307,
        "model": "auth.user",
        "fields": {
            "username": "admin",
            "first_name": "Jeff",
            "last_name": "Balogh",
            "is_active": 1,
            "is_superuser": 1,
            "is_staff": 1,
            "last_login": "2010-01-13 17:17:23",
            "groups": [],
            "user_permissions": [],
            "password": "sha512$7b5436061f8c0902088c292c057be69fdb17312e2f71607c9c51641f5d876522$08d1d370d89e2ae92755fd03464a7276ca607c431d04a52d659f7a184f3f9918073637d82fc88981c7099c7c46a1137b9fdeb675304eb98801038905a9ee0600",
            "email": "admin@mozilla.com",
            "date_joined": "2009-02-02 11:50:31"
        }
    },
    {
        "pk": 4043307,
        "model": "users.userprofile",
        "fields": {
            "sandboxshown": 1,
            "display_collections_fav": 1,
            "display_collections": 1,
            "averagerating": "",
            "confirmationcode": "",
            "notifycompat": 1,
            "picture_type": "",
            "occupation": "",
            "homepage": "http://jeffbalogh.org",
            "email": "admin@mozilla.com",
            "location": "",
            "bio": null,
            "firstname": "Jeff",
            "deleted": 0,
            "lastname": "Balogh",
            "emailhidden": 0,
            "user": 4043307,
            "password": "sha512$7b5436061f8c0902088c292c057be69fdb17312e2f71607c9c51641f5d876522$08d1d370d89e2ae92755fd03464a7276ca607c431d04a52d659f7a184f3f9918073637d82fc88981c7099c7c46a1137b9fdeb675304eb98801038905a9ee0600",
            "nickname": "admin",
            "resetcode_expires": "2010-01-12 15:28:07",
            "resetcode": "",
            "created": "2009-02-02 11:50:31",
            "notes": "",
            "modified": "2010-01-12 17:01:41",
            "notifyevents": 1
        }
    },
    {
        "pk": 2808,
        "model": "addons.addonuser",
        "fields": {
            "position": 0,
            "addon": 3615,
            "role": 5,
            "listed": 1,
            "user": 55021
        }
    },
    {
        "pk": 15795,
        "model": "translations.translation",
        "fields": {
            "locale": "en-US",
            "localized_string": "If you have any problems, please read the FireBug FAQ.\r\n\r\nhttp://getfirebug.com/faq.html\r\n",
            "id": 7998,
            "modified": null,
            "created": "2007-03-05 13:10:30"
        }
    },
    {
        "pk": 15796,
        "model": "translations.translation",
        "fields": {
            "locale": "en-US",
            "localized_string": "Firebug integrates with Firefox to put a wealth of development tools at your fingertips while you browse. You can edit, debug, and monitor CSS, HTML, and JavaScript live in any web page...\r\n\r\nFirebug 1.4 requires Firefox 3.0 or higher.",
            "id": 7999,
            "modified": "2009-07-27 18:55:31",
            "created": "2007-03-05 13:10:30"
        }
    },
    {
        "pk": 15793,
        "model": "translations.translation",
        "fields": {
            "locale": "en-US",
            "localized_string": "Firebug integrates with Firefox to put a wealth of development tools at your fingertips while you browse. You can edit, debug, and monitor CSS, HTML, and JavaScript live in any web page.\r\n\r\nVisit the Firebug website for documentation, screen shots, and discussion forums: http://getfirebug.com\r\n",
            "id": 7997,
            "modified": "2009-02-05 08:24:24",
            "created": "2007-03-05 13:10:30"
        }
    },
    {
        "pk": 189874,
        "model": "translations.translation",
        "fields": {
            "locale": "en-US",
            "localized_string": "http://groups.google.com/group/firebug/topics",
            "id": 153024,
            "modified": "2009-02-05 08:24:24",
            "created": "2008-06-13 15:22:33"
        }
    },
    {
        "pk": 15791,
        "model": "translations.translation",
        "fields": {
            "locale": "en-US",
            "localized_string": "http://getfirebug.com/",
            "id": 7996,
            "modified": "2009-02-05 08:24:24",
            "created": "2007-03-05 13:10:30"
        }
    },
    {
        "pk": 15789,
        "model": "translations.translation",
        "fields": {
            "locale": "en-US",
            "localized_string": "Firebug",
            "id": 7995,
            "modified": "2009-02-05 08:24:24",
            "created": "2007-03-05 13:10:30"
        }
    },
    {
        "pk": 3783,
        "model": "translations.translation",
        "fields": {
            "locale": "en-US",
            "localized_string": "ALL",
            "id": 1134,
            "modified": null,
            "created": "2007-03-05 13:09:27"
        }
    },
    {
        "pk": 3771,
        "model": "translations.translation",
        "fields": {
            "locale": "en-US",
            "localized_string": "ALL",
            "id": 1133,
            "modified": null,
            "created": "2007-03-05 13:09:27"
        }
    },
    {
        "pk": 716508,
        "model": "translations.translation",
        "fields": {
            "locale": "en-US",
            "localized_string": "this is a minor release to fix a bug found in Firebug 1.4.4.",
            "id": 668076,
            "modified": null,
            "created": "2009-11-05 05:17:30"
        }
    },
    {
        "pk": 1843,
        "model": "addons.addon",
        "fields": {
            "dev_agreement": 1,
            "last_updated": "2009-02-05 15:24:24",
            "view_source": 1,
            "total_downloads": 19701236,
            "inactive": 0,
            "average_daily_downloads": 22567,
            "show_beta": 1,
            "guid": "firebug@software.joehewitt.com",
            "trusted": 1,
            "target_locale": "en-US",
            "annoying": 0,
            "weekly_downloads": 215005,
            "support_url": 153024,
            "paypal_id": "",
            "average_rating": "4.50",
            "wants_contributions": 0,
            "average_daily_users": 1749103,
            "bayesian_rating": 4.4879600000000002,
            "share_count": 9,
            "homepage": 7996,
            "public_stats": 1,
            "status": 4,
            "description": 7997,
            "default_locale": "en-US",
            "binary": 0,
            "prerelease": 0,
            "admin_review": 0,
            "external_software": 0,
            "highest_status": 4,
            "name": 7995,
            "created": "2006-01-12 00:27:30",
            "type": 1,
            "icon_type": "image/png",
            "modified": "2009-11-05 05:16:21",
            "summary": 7999,
            "site_specific": 0,
            "total_reviews": 727,
            "nomination_date": "2009-02-05 15:24:24"
        }
    },
    {
        "pk": 83167,
        "model": "versions.version",
        "fields": {
            "license": null,
            "created": "2009-11-05 05:16:21",
            "modified": "2009-11-05 05:17:31",
            "approvalnotes": "",
            "version": "1.4.5",
            "addon": 1843
        }
    },
    {
        "pk": 68916,
        "model": "files.file",
        "fields": {
            "status": 4,
            "codereview": 0,
            "hash": "sha256:bb3e7f79295d83c7f2d7c9e3095e818b9ed57805142e6af8624a2ae1f4dc26b1",
            "created": "2009-11-05 05:16:25",
            "modified": "2009-11-05 05:17:31",
            "filename": "firebug-1.4.5-fx.xpi",
            "platform": 1,
            "version": 83167,
            "size": 679,
            "datestatuschanged": "2009-11-05 05:15:45"
        }
    },
    {
        "pk": 291,
        "model": "applications.appversion",
        "fields": {
            "application": 1,
            "version": "3.6.*",
            "created": "2001-01-01 13:14:15",
            "version_int": 3069900200100,
            "modified": "2001-01-01 13:14:15"
        }
    },
    {
        "pk": 233,
        "model": "applications.appversion",
        "fields": {
            "application": 1,
            "version": "3.0",
            "created": "2001-01-01 13:14:15",
            "version_int": 3000000200100,
            "modified": "2001-01-01 13:14:15"
        }
    },
    {
        "pk": 49381,
        "model": "versions.applicationsversions",
        "fields": {
            "application": 1,
            "version": 83167,
            "min": 233,
            "max": 291
        }
    },
    {
        "pk": 366,
        "model": "translations.translation",
        "fields": {
            "locale": "en-US",
            "localized_string": "Themes are like new clothes for your %1$s. A theme can change only a few colors, or every piece of %1$s's appearance. It's another great way to personalize %1$s to your tastes.",
            "id": 149,
            "modified": "2007-03-25 17:17:19",
            "created": "2007-03-05 13:08:05"
        }
    },
    {
        "pk": 192,
        "model": "translations.translation",
        "fields": {
            "locale": "en-US",
            "localized_string": "Themes",
            "id": 143,
            "modified": "2007-03-25 17:17:19",
            "created": "2007-03-05 13:08:05"
        }
    },
    {
        "pk": 17,
        "model": "translations.translation",
        "fields": {
            "locale": "en-US",
            "localized_string": "Theme",
            "id": 2,
            "modified": "2007-03-25 17:17:19",
            "created": "2007-03-05 13:08:05"
        }
    },
    {
        "pk": 139618,
        "model": "translations.translation",
        "fields": {
            "locale": "en-US",
            "localized_string": "Designed to fit well in the Mac OS X environment.",
            "id": 104239,
            "modified": "2008-08-08 17:22:35",
            "created": "2008-03-10 14:31:39"
        }
    },
    {
        "pk": 139615,
        "model": "translations.translation",
        "fields": {
            "locale": "en-US",
            "localized_string": "The theme is equally available on: http://www.takebacktheweb.org/\r\nand there as well with some customizing hints. ",
            "id": 104236,
            "modified": "2008-08-08 17:22:35",
            "created": "2008-03-10 14:31:39"
        }
    },
    {
        "pk": 139616,
        "model": "translations.translation",
        "fields": {
            "locale": "en-US",
            "localized_string": "http://www.takebacktheweb.org/",
            "id": 104237,
            "modified": "2008-08-08 17:22:35",
            "created": "2008-03-10 14:31:39"
        }
    },
    {
        "pk": 139617,
        "model": "translations.translation",
        "fields": {
            "locale": "en-US",
            "localized_string": "GrApple Yummy",
            "id": 104238,
            "modified": "2009-06-24 14:56:43",
            "created": "2008-03-10 14:31:39"
        }
    },
    {
        "pk": 3861,
        "model": "translations.translation",
        "fields": {
            "locale": "en-US",
            "localized_string": "macosx",
            "id": 1140,
            "modified": "2007-03-22 13:57:06",
            "created": "2007-03-05 13:09:27"
        }
    },
    {
        "pk": 3847,
        "model": "translations.translation",
        "fields": {
            "locale": "en-US",
            "localized_string": "MacOSX",
            "id": 1139,
            "modified": "2007-03-22 13:57:06",
            "created": "2007-03-05 13:09:27"
        }
    },
    {
        "pk": 5,
        "model": "versions.license",
        "fields": {
            "_custom_text": null,
            "modified": "2009-04-30 22:29:53",
            "created": "2009-04-30 22:29:53"
        }
    },
    {
        "pk": 6704,
        "model": "addons.addon",
        "fields": {
            "dev_agreement": 1,
            "last_updated": "2009-02-06 15:24:24",
            "average_daily_downloads": 141,
            "total_downloads": 87385,
            "inactive": 0,
            "view_source": 0,
            "show_beta": 1,
            "guid": "{b1fad17a-3b98-c743-ed56-85c722d622d3}",
            "trusted": 0,
            "binary": 0,
            "annoying": 0,
            "weekly_downloads": 278,
            "paypal_id": "",
            "average_rating": "4.77",
            "wants_contributions": 0,
            "average_daily_users": 14497,
            "bayesian_rating": 4.45695,
            "share_count": 0,
            "homepage": 104237,
            "public_stats": 0,
            "status": 4,
            "description": 104236,
            "default_locale": "en-US",
            "prerelease": 0,
            "admin_review": 0,
            "external_software": 0,
            "highest_status": 4,
            "name": 104238,
            "created": "2008-03-10 14:30:42",
            "type": 2,
            "icon_type": "image/png",
            "modified": "2009-08-08 10:28:58",
            "summary": 104239,
            "site_specific": 0,
            "total_reviews": 26,
            "nomination_date": "2008-08-08 17:22:37"
        }
    },
    {
        "pk": 75631,
        "model": "versions.version",
        "fields": {
            "version": "2.0.5",
            "created": "2009-08-08 10:28:59",
            "modified": "2009-08-08 10:28:59",
            "license": 5,
            "addon": 6704
        }
    },
    {
        "pk": 3,
        "model": "files.platform",
        "fields": {
            "icontype": "",
            "modified": "2008-04-07 08:16:55",
            "created": "2007-03-05 13:09:27"
        }
    },
    {
        "pk": 61321,
        "model": "files.file",
        "fields": {
            "status": 4,
            "codereview": 0,
            "hash": "sha256:e4edbfc91c78aba76241ecba854199129e9bd6bedbaee1ca49d3de74c48b6a8e",
            "created": "2009-08-08 10:28:59",
            "modified": "2009-08-23 03:16:29",
            "filename": "grapple_yummy-2.0.5-fx-macosx.jar",
            "platform": 3,
            "version": 75631,
            "size": 568,
            "datestatuschanged": "2009-08-23 03:16:29"
        }
    },
    {
        "pk": 279,
        "model": "applications.appversion",
        "fields": {
            "application": 1,
            "version": "3.6b1pre",
            "version_int": 3060000101000
        }
    },
    {
        "pk": 268,
        "model": "applications.appversion",
        "fields": {
            "application": 1,
            "version": "3.5",
            "version_int": 3050000200100
        }
    },
    {
        "pk": 45085,
        "model": "versions.applicationsversions",
        "fields": {
            "application": 1,
            "version": 75631,
            "min": 268,
            "max": 279
        }
    },
    {
        "pk": 583117,
        "model": "translations.translation",
        "fields": {
            "locale": "en-US",
            "localized_string": "JSONView is a simple extension with a simple purpose and I'd like to keep it that way. That said, there are a few things I'd like to see added to it, chief among which is JSON-P support. You can follow the full list of proposed enhancements at http://code.google.com/p/jsonview/issues/list .",
            "id": 539995,
            "modified": null,
            "created": "2009-08-29 22:53:13"
        }
    },
    {
        "pk": 583116,
        "model": "translations.translation",
        "fields": {
            "locale": "en-US",
            "localized_string": "I developed JSONView because I like JSON better than XML, but developing RESTful web services with XML was easier to debug because you could just view the output in a browser, while JSON caused Firefox to just throw up a download dialog. So I set out to make JSON viewing in Firefox as nice as, or better, than the default XML view.",
            "id": 539994,
            "modified": null,
            "created": "2009-08-29 22:53:12"
        }
    },
    {
        "pk": 369697,
        "model": "translations.translation",
        "fields": {
            "locale": "en-US",
            "localized_string": "Known bugs:\r\n* \"Save as...\" saves HTML instead of the original JSON document.\r\n* \"Page Info\" panel reports content as HTML instead of JSON.\r\n* Copying and pasting from the formatted JSON does not copy the original document.",
            "id": 332049,
            "modified": "2009-03-15 18:10:38",
            "created": "2009-02-23 23:51:23"
        }
    },
    {
        "pk": 369665,
        "model": "translations.translation",
        "fields": {
            "locale": "en-US",
            "localized_string": "View JSON documents in the browser.",
            "id": 332039,
            "modified": "2009-03-01 15:27:06",
            "created": "2009-02-23 23:47:34"
        }
    },
    {
        "pk": 369685,
        "model": "translations.translation",
        "fields": {
            "locale": "en-US",
            "localized_string": "Normally when encountering a JSON document (content type \"application/json\"), Firefox simply prompts you to download the file. With the JSONView extension, JSON documents are shown in the browser similar to how XML documents are shown. The document is formatted, highlighted, and arrays and objects can be collapsed.  Even if the JSON document contains errors, JSONView will still show the raw text.\r\nOnce you've got JSONView installed, check out http://brh.numbera.com/software/jsonview/example.json to see the extension in action!",
            "id": 332048,
            "modified": "2009-03-27 21:19:44",
            "created": "2009-02-23 23:51:23"
        }
    },
    {
        "pk": 369734,
        "model": "translations.translation",
        "fields": {
            "locale": "en-US",
            "localized_string": "http://code.google.com/p/jsonview/issues",
            "id": 332078,
            "modified": "2009-03-01 15:27:06",
            "created": "2009-02-24 00:49:25"
        }
    },
    {
        "pk": 369660,
        "model": "translations.translation",
        "fields": {
            "locale": "en-US",
            "localized_string": "http://brh.numbera.com/software/jsonview/",
            "id": 332037,
            "modified": "2009-03-01 15:27:06",
            "created": "2009-02-23 23:47:33"
        }
    },
    {
        "pk": 369661,
        "model": "translations.translation",
        "fields": {
            "locale": "en-US",
            "localized_string": "JSONView",
            "id": 332038,
            "modified": "2009-03-01 15:27:06",
            "created": "2009-02-23 23:47:34"
        }
    },
    {
        "pk": 624047,
        "model": "translations.translation",
        "fields": {
            "locale": "en-US",
            "localized_string": "* Preference dialog with an option to send \"application/json\" in the HTTP Accept header.\r\n* Fixed a bug where values that were 0 or false would not show up.\r\n* Fixed a bug where documents would sometimes show up as invalid when Firebug was enabled\r\n* Bumped compatibility for 3.7a1pre ",
            "id": 577660,
            "modified": null,
            "created": "2009-10-07 23:26:00"
        }
    },
    {
        "pk": 22,
        "model": "versions.license",
        "fields": {
            "_custom_text": null,
            "modified": "2009-05-01 17:29:25",
            "created": "2009-05-01 17:29:25"
        }
    },
    {
        "pk": 10869,
        "model": "addons.addon",
        "fields": {
            "dev_agreement": 1,
            "last_updated": "2009-02-07 15:24:24",
            "average_daily_downloads": 244,
            "total_downloads": 65438,
            "developer_comments": 332049,
            "inactive": 0,
            "view_source": 1,
            "show_beta": 1,
            "guid": "jsonview@brh.numbera.com",
            "trusted": 0,
            "binary": 0,
            "the_future": 539995,
            "weekly_downloads": 2198,
            "support_url": 332078,
            "paypal_id": "",
            "average_rating": "4.70",
            "wants_contributions": 0,
            "average_daily_users": 7540,
            "bayesian_rating": 4.4546999999999999,
            "share_count": 1,
            "homepage": 332037,
            "public_stats": 1,
            "status": 4,
            "description": 332048,
            "default_locale": "en-US",
            "prerelease": 0,
            "admin_review": 0,
            "external_software": 0,
            "highest_status": 4,
            "name": 332038,
            "created": "2009-02-23 23:47:34",
            "type": 1,
            "icon_type": "image/png",
            "annoying": 0,
            "modified": "2009-10-07 23:23:03",
            "summary": 332039,
            "site_specific": 0,
            "total_reviews": 33,
            "the_reason": 539994,
            "nomination_date": "2009-03-27 19:14:48"
        }
    },
    {
        "pk": 282,
        "model": "applications.appversion",
        "fields": {
            "application": 1,
            "version": "3.7a1pre",
            "created": "2009-02-23 23:47:34",
            "version_int": 3070000001000,
            "modified": null
        }
    },
    {
        "pk": 80422,
        "model": "versions.version",
        "fields": {
            "license": 22,
            "created": "2009-10-07 23:23:03",
            "modified": "2009-10-08 21:11:35",
            "approvalnotes": "http://code.google.com/p/jsonview/source/list - Changes are r22 to r27. (I fixed the missing strings from the previous upload - I thought they would fall back to en-US. Might want to add that to the validator.)",
            "version": "0.4",
            "addon": 10869
        }
    },
    {
        "pk": 47930,
        "model": "versions.applicationsversions",
        "fields": {
            "application": 1,
            "version": 80422,
            "min": 233,
            "max": 282
        }
    },
    {
        "pk": 66455,
        "model": "files.file",
        "fields": {
            "status": 4,
            "codereview": 0,
            "hash": "sha256:cd9179ca0e8b077b49939078dd83242bd938e2b9645d2139644e12f5fa319a3b",
            "created": "2009-10-08 21:10:31",
            "modified": "2009-10-12 01:30:52",
            "filename": "jsonview-0.4-fx.xpi",
            "platform": 1,
            "version": 80422,
            "size": 19,
            "datestatuschanged": "2009-10-12 01:30:52"
        }
    },
    {
        "pk": 405182,
        "model": "translations.translation",
        "fields": {
            "locale": "en-US",
            "localized_string": "The new YSlow is here!",
            "id": 366908,
            "modified": "2009-04-28 16:08:18",
            "created": "2009-04-20 17:21:30"
        }
    },
    {
        "pk": 93223,
        "model": "translations.translation",
        "fields": {
            "locale": "en-US",
            "localized_string": "YSlow analyzes web pages and why they're slow based on Yahoo!'s rules for high performance web sites.\r\n\r\nYSlow uses Yahoo!'s Smush.it service, which is subject to Smush.it Terms of Use: http://info.yahoo.com/legal/us/yahoo/smush_it/smush_it-4378.html",
            "id": 60896,
            "modified": "2009-04-28 16:08:17",
            "created": "2007-07-19 21:54:54"
        }
    },
    {
        "pk": 93219,
        "model": "translations.translation",
        "fields": {
            "locale": "en-US",
            "localized_string": "YSlow analyzes web pages and suggests ways to improve their performance based on a set of rules for high performance web pages. YSlow is a Firefox add-on integrated with the Firebug web development tool. YSlow grades web page based on one of three predefined ruleset or a user-defined ruleset. It offers suggestions for improving the page's performance, summarizes the page's components, displays statistics about the page, and provides tools for performance analysis, including Smush.it\u2122 and JSLint. \r\n\r\nYSlow is licensed under the Mozilla Public License (MPL) version 1.1, with portions licensed by third parties under other license terms.  To review the terms before installing, see http://developer.yahoo.com/yslow/faq.html#faq_license.\r\n\r\nYSlow uses Yahoo!'s Smush.it service, which is subject to Smush.it Terms of Use: http://info.yahoo.com/legal/us/yahoo/smush_it/smush_it-4378.html\r\n\r\nYou must install Firebug: https://addons.mozilla.org/en-US/firefox/addon/1843",
            "id": 60892,
            "modified": "2009-04-28 16:08:18",
            "created": "2007-07-19 21:54:53"
        }
    },
    {
        "pk": 160923,
        "model": "translations.translation",
        "fields": {
            "locale": "en-US",
            "localized_string": "http://developer.yahoo.com/yslow",
            "id": 124902,
            "modified": "2009-02-27 11:36:01",
            "created": "2008-04-21 19:34:21"
        }
    },
    {
        "pk": 93221,
        "model": "translations.translation",
        "fields": {
            "locale": "en-US",
            "localized_string": "http://developer.yahoo.com/yslow/",
            "id": 60894,
            "modified": "2009-02-27 11:36:49",
            "created": "2007-07-19 21:54:54"
        }
    },
    {
        "pk": 93222,
        "model": "translations.translation",
        "fields": {
            "locale": "en-US",
            "localized_string": "YSlow",
            "id": 60895,
            "modified": "2009-02-27 11:36:49",
            "created": "2007-07-19 21:54:54"
        }
    },
    {
        "pk": 5369,
        "model": "addons.addon",
        "fields": {
            "dev_agreement": 1,
            "last_updated": "2009-02-09 15:24:24",
            "average_daily_downloads": 1822,
            "total_downloads": 1548729,
            "developer_comments": 366908,
            "inactive": 0,
            "view_source": 0,
            "show_beta": 1,
            "guid": "yslow@yahoo-inc.com",
            "trusted": 0,
            "binary": 0,
            "annoying": 0,
            "weekly_downloads": 18909,
            "support_url": 124902,
            "paypal_id": "",
            "average_rating": "3.65",
            "wants_contributions": 0,
            "average_daily_users": 170745,
            "bayesian_rating": 3.7513000000000001,
            "share_count": 2,
            "homepage": 60894,
            "public_stats": 0,
            "status": 4,
            "description": 60892,
            "default_locale": "en-US",
            "prerelease": 0,
            "admin_review": 0,
            "external_software": 0,
            "highest_status": 4,
            "name": 60895,
            "created": "2007-07-19 21:48:15",
            "type": 1,
            "icon_type": "image/png",
            "modified": "2009-11-09 15:11:30",
            "summary": 60896,
            "site_specific": 0,
            "total_reviews": 57,
            "nomination_date": "2009-02-27 11:36:53"
        }
    },
    {
        "pk": 267,
        "model": "applications.appversion",
        "fields": {
            "application": 1,
            "version": "3.5.*",
            "version_int": 3059900200100
        }
    },
    {
        "pk": 97,
        "model": "applications.appversion",
        "fields": {
            "application": 1,
            "version": "2.0",
            "created": "2007-03-05 13:09:26",
            "version_int": 2000000200100,
            "modified": null
        }
    },
    {
        "pk": 83711,
        "model": "versions.version",
        "fields": {
            "version": "2.0.2",
            "created": "2009-11-09 15:11:30",
            "modified": "2009-11-09 15:11:30",
            "license": null,
            "addon": 5369
        }
    },
    {
        "pk": 49622,
        "model": "versions.applicationsversions",
        "fields": {
            "application": 1,
            "version": 83711,
            "min": 97,
            "max": 267
        }
    },
    {
        "pk": 69370,
        "model": "files.file",
        "fields": {
            "status": 4,
            "codereview": 0,
            "hash": "sha256:b8172690b9e18396229e01d85cce200b17f24098e513f7bd5bb6daa5a8ef7a61",
            "created": "2009-11-09 15:11:31",
            "modified": "2009-11-12 22:22:33",
            "filename": "yslow-2.0.2-fx.xpi",
            "platform": 1,
            "version": 83711,
            "size": 211,
            "datestatuschanged": "2009-11-12 22:22:32"
        }
    },
    {
        "pk": 523901,
        "model": "translations.translation",
        "fields": {
            "locale": "en-US",
            "localized_string": "I'm thinking of adding more features that would be useful for the times when you actually do visit Twitter.com (like to read your friends' messages.)  Maybe better trending topics in the sidebar, adding a retweet button, or possibly integrated image upload.",
            "id": 482382,
            "modified": null,
            "created": "2009-07-16 12:40:03"
        }
    },
    {
        "pk": 523900,
        "model": "translations.translation",
        "fields": {
            "locale": "en-US",
            "localized_string": "I wanted a way to quickly and easily update Twitter without visiting the site, and TwitterBar had been abandoned by its original author, so I took over development and started fixing it up and adding features.",
            "id": 482381,
            "modified": null,
            "created": "2009-07-16 12:40:02"
        }
    },
    {
        "pk": 65260,
        "model": "translations.translation",
        "fields": {
            "locale": "en-US",
            "localized_string": "Post to Twitter from your address bar.",
            "id": 38754,
            "modified": "2009-03-23 12:20:02",
            "created": "2007-03-17 05:29:25"
        }
    },
    {
        "pk": 65220,
        "model": "translations.translation",
        "fields": {
            "locale": "en-US",
            "localized_string": "TwitterBar allows you to post to Twitter from Firefox's address bar. A small Twitter icon sits to the right of your address bar; clicking on it will post your tweet, and you can hover your mouse over it to see how many characters you have left.\r\n\r\nYou can also post by typing \"--post\" at the end of your tweet.  Clicking the Twitter icon when visiting a webpage will send a tweet containing the URL of the webpage you are currently viewing.",
            "id": 38750,
            "modified": "2009-03-23 12:20:02",
            "created": "2007-03-17 05:29:25"
        }
    },
    {
        "pk": 167010,
        "model": "translations.translation",
        "fields": {
            "locale": "en-US",
            "localized_string": "http://www.chrisfinke.com/addons/twitterbar/",
            "id": 130757,
            "modified": "2009-03-23 12:20:02",
            "created": "2008-05-03 10:00:08"
        }
    },
    {
        "pk": 166336,
        "model": "translations.translation",
        "fields": {
            "locale": "en-US",
            "localized_string": "cfinke@gmail.com",
            "id": 130099,
            "modified": "2009-03-23 12:20:02",
            "created": "2008-05-01 12:12:04"
        }
    },
    {
        "pk": 65240,
        "model": "translations.translation",
        "fields": {
            "locale": "en-US",
            "localized_string": "http://www.chrisfinke.com/addons/twitterbar/",
            "id": 38752,
            "modified": "2009-03-23 12:20:02",
            "created": "2007-03-17 05:29:25"
        }
    },
    {
        "pk": 65250,
        "model": "translations.translation",
        "fields": {
            "locale": "en-US",
            "localized_string": "TwitterBar",
            "id": 38753,
            "modified": "2009-03-23 12:20:02",
            "created": "2007-03-17 05:29:25"
        }
    },
    {
        "pk": 737945,
        "model": "translations.translation",
        "fields": {
            "locale": "en-US",
            "localized_string": "* Updated for Firefox 3.6 compatibility\r\n* Updated for Fennec compatibility\r\n* Fixed bug that would prevent last tweet before authorization from being sent out\r\n* Updated translations",
            "id": 688177,
            "modified": null,
            "created": "2009-11-18 06:33:38"
        }
    },
    {
        "pk": 13,
        "model": "versions.license",
        "fields": {
            "_custom_text": null,
            "modified": "2009-05-01 05:00:44",
            "created": "2009-05-01 05:00:44"
        }
    },
    {
        "pk": 4664,
        "model": "translations.translation",
        "fields": {
            "locale": "en-US",
            "id": "4664",
            "localized_string": "Embrace hug love hug meow meow"
        }
    },
    {
        "pk": 4664,
        "model": "addons.addon",
        "fields": {
            "dev_agreement": 1,
            "last_updated": "2009-03-23 12:20:04",
            "view_source": 1,
            "total_downloads": 867952,
            "developer_comments": 4664,
            "inactive": 0,
            "average_daily_downloads": 994,
            "show_beta": 1,
            "guid": "{1a0c9ebe-ddf9-4b76-b8a3-675c77874d37}",
            "trusted": 0,
            "binary": 0,
            "the_future": 482382,
            "weekly_downloads": 23646,
            "support_url": 130757,
            "paypal_id": "cfinke+premier@gmail.com",
            "average_rating": "4.45",
            "wants_contributions": 1,
            "average_daily_users": 44693,
            "bayesian_rating": 4.3837099999999998,
            "share_count": 0,
            "homepage": 38752,
            "support_email": 130099,
            "public_stats": 0,
            "status": 4,
            "description": 38750,
            "default_locale": "en-US",
            "prerelease": 0,
            "admin_review": 0,
            "external_software": 0,
            "highest_status": 4,
            "name": 38753,
            "created": "2007-03-17 05:23:55",
            "type": 1,
            "icon_type": "image/png",
            "annoying": 1,
            "modified": "2009-11-18 06:32:02",
            "summary": 38754,
            "suggested_amount": "0.99",
            "site_specific": 1,
            "total_reviews": 101,
            "the_reason": 482381,
            "nomination_date": "2009-03-23 12:20:04"
        }
    },
    {
        "pk": 84770,
        "model": "versions.version",
        "fields": {
            "license": 13,
            "created": "2009-11-18 06:32:02",
            "modified": "2009-11-18 06:33:39",
            "approvalnotes": "You can contact me at cfinke@gmail.com or @cfinke on Twitter with any questions.  Fennec support was the main reason for this upgrade.",
            "version": "2.7",
            "addon": 4664
        }
    },
    {
        "pk": 70282,
        "model": "files.file",
        "fields": {
            "status": 4,
            "codereview": 0,
            "hash": "sha256:38840d62c05f4ca4342d4df3b6a6e5cd4f11e587701ac3c10768bc8a22218a72",
            "created": "2009-11-18 06:32:03",
            "modified": "2009-11-18 06:33:39",
            "filename": "twitterbar-2.7-fx+fn.xpi",
            "platform": 1,
            "version": 84770,
            "size": 90,
            "datestatuschanged": "2009-11-18 06:31:42"
        }
    },
    {
        "pk": 249,
        "model": "applications.appversion",
        "fields": {
            "application": 60,
            "version": "1.0.*",
            "version_int": 1009900200100
        }
    },
    {
        "pk": 259,
        "model": "applications.appversion",
        "fields": {
            "application": 60,
            "version": "1.0b1",
            "version_int": 1000000101100
        }
    },
    {
        "pk": 63002,
        "model": "versions.applicationsversions",
        "fields": {
            "application": 60,
            "version": 84770,
            "min": 259,
            "max": 249
        }
    },
    {
        "pk": 72,
        "model": "addons.category",
        "fields": {
            "count": 737,
            "description": 37940,
            "weight": 0,
            "created": "2007-03-05 16:06:55",
            "modified": "2009-11-13 02:15:58",
            "application": 1,
            "type": 1,
            "slug": "alerts-updates",
            "name": 37939
        }
    },
    {
        "pk": 4287,
        "model": "translations.translation",
        "fields": {
            "locale": "en-US",
            "localized_string": "Allows the user to use external programs for: view page source, edit content of textareas handle mailto, news, telnet and FTP links and download...",
            "id": 1299,
            "modified": null,
            "created": "2007-03-05 13:10:18"
        }
    },
    {
        "pk": 4285,
        "model": "translations.translation",
        "fields": {
            "locale": "en-US",
            "localized_string": "Allows the user to use external programs for: view page source, edit content of textareas handle mailto, news, telnet and FTP links and download files.",
            "id": 1297,
            "modified": null,
            "created": "2007-03-05 13:10:18"
        }
    },
    {
        "pk": 4284,
        "model": "translations.translation",
        "fields": {
            "locale": "en-US",
            "localized_string": "http://mozex.mozdev.org/",
            "id": 1296,
            "modified": null,
            "created": "2007-03-05 13:10:18"
        }
    },
    {
        "pk": 4283,
        "model": "translations.translation",
        "fields": {
            "locale": "en-US",
            "localized_string": "MozEX",
            "id": 1295,
            "modified": null,
            "created": "2007-03-05 13:10:18"
        }
    },
    {
        "pk": 40,
        "model": "addons.addon",
        "fields": {
            "dev_agreement": 0,
            "last_updated": "2007-03-05 13:11:03",
            "view_source": 0,
            "total_downloads": 24739,
            "inactive": 0,
            "average_daily_downloads": 42,
            "show_beta": 1,
            "annoying": 0,
            "trusted": 0,
            "binary": 0,
            "guid": "{7c07e56e-b2f0-4932-bbe2-857a91b69f45}",
            "weekly_downloads": 6,
            "paypal_id": "",
            "average_rating": "4.00",
            "wants_contributions": 0,
            "average_daily_users": 77,
            "bayesian_rating": 4.0419999999999998,
            "share_count": 0,
            "homepage": 1296,
            "public_stats": 0,
            "status": 1,
            "description": 1297,
            "default_locale": "en-US",
            "prerelease": 0,
            "admin_review": 0,
            "external_software": 0,
            "highest_status": 1,
            "get_satisfaction_product": null,
            "name": 1295,
            "created": "2004-06-12 02:52:33",
            "type": 1,
            "icon_type": "",
            "modified": null,
            "summary": 1299,
            "suggested_amount": null,
            "site_specific": 0,
            "total_reviews": 1,
            "the_reason": null,
            "nomination_date": null
        }
    },
    {
        "pk": 42,
        "model": "versions.version",
        "fields": {
            "license": null,
            "created": "2004-06-12 02:52:33",
            "modified": "2004-06-13 20:25:13",
            "approvalnotes": "",
            "version": "1.0.7",
            "addon": 40
        }
    },
    {
        "pk": 197,
        "model": "files.file",
        "fields": {
            "status": 4,
            "codereview": 0,
            "hash": "sha256:f6e0881af426279e7f56fe451057d708cac5f21b44afde980bad81f8a2e0c2cb",
            "created": "2007-03-05 13:11:03",
            "modified": null,
            "filename": "mozex-1.0.7-fx.xpi",
            "platform": 1,
            "version": 42,
            "size": 18,
            "datestatuschanged": null
        }
    },
    {
        "pk": 123,
        "model": "applications.appversion",
        "fields": {
            "application": 1,
            "version": "0.9",
            "created": "2007-03-05 13:10:58",
            "version_int": 90000200100,
            "modified": null
        }
    },
    {
        "pk": 42,
        "model": "applications.appversion",
        "fields": {
            "application": 1,
            "version": "0.7",
            "created": "2007-03-05 13:09:26",
            "version_int": 70000200100,
            "modified": null
        }
    },
    {
        "pk": 19,
        "model": "versions.applicationsversions",
        "fields": {
            "application": 1,
            "version": 42,
            "min": 42,
            "max": 123
        }
    },
    {
        "pk": 2519,
        "model": "users.userprofile",
        "fields": {
            "sandboxshown": 1,
            "display_collections_fav": 0,
            "display_collections": 0,
            "occupation": "Software Developer",
            "confirmationcode": "",
            "location": "Minneapolis, MN",
            "picture_type": "image/png",
            "averagerating": "4.06",
            "homepage": "http://www.chrisfinke.com/",
            "email": "dd+357b3dde1d3e7e3267d23f605a078d62@davedash.com",
            "notifycompat": 1,
            "bio": null,
            "firstname": "Christopher",
            "deleted": 0,
            "lastname": "Finke",
            "emailhidden": 0,
            "user": null,
            "password": "sha512$9b7d3208f1f3c2ddd7c9e117f32a2b7ebaae7dfd62ace1f490048aaf8f8d81fb$ae3acaadaa2fb720773f0bbd65f019ba168ba89ff3e2d5eef0aa699042d2882b607a31ee43c403f4d1fd2cda19c46fa728d578d04682b42d164fb418e5bd50d8",
            "resetcode": "",
            "created": "2007-03-05 13:09:34",
            "modified": "2009-07-17 12:12:18",
            "notifyevents": 1
        }
    },
    {
        "pk": 3706,
        "model": "addons.addonuser",
        "fields": {
            "position": 0,
            "listed": 1,
            "role": 5,
            "user": 2519,
            "addon": 4664
        }
    },
    {
        "pk": 65230,
        "model": "translations.translation",
        "fields": {
            "localized_string": "",
            "created": "2007-03-17 05:29:25",
            "locale": "en-US",
            "modified": "2009-03-23 12:20:02",
            "id": 38751,
            "localized_string_clean": null
        }
    },
    {
        "pk": 167014,
        "model": "translations.translation",
        "fields": {
            "localized_string": "TwitterBar places an icon in the address bar.",
            "created": "2008-05-03 10:03:27",
            "locale": "en-US",
            "modified": null,
            "id": 130761,
            "localized_string_clean": null
        }
    },
    {
        "pk": 20397,
        "model": "addons.preview",
        "fields": {
            "thumbtype": "image/png",
            "filetype": "image/png",
            "created": "2008-05-03 10:03:27",
            "modified": "2008-05-03 10:03:28",
            "caption": 130761,
            "highlight": 1,
            "addon": 4664
        }
    },
    {
        "pk": 378388,
        "model": "translations.translation",
        "fields": {
            "localized_string_clean": null,
            "created": "2009-03-09 19:16:20",
            "locale": "en-US",
            "modified": null,
            "id": 340672,
            "localized_string": "http://groups.google.com/group/better-gmail-2-firefox-extension"
        }
    },
    {
        "pk": 378387,
        "model": "translations.translation",
        "fields": {
            "localized_string_clean": null,
            "created": "2009-03-09 19:16:20",
            "locale": "en-US",
            "modified": null,
            "id": 340671,
            "localized_string": "better-gmail-2-firefox-extension@googlegroups.com"
        }
    },
    {
        "pk": 90915,
        "model": "translations.translation",
        "fields": {
            "localized_string_clean": null,
            "created": "2007-07-08 13:49:43",
            "locale": "en-US",
            "modified": "2009-03-09 19:16:20",
            "id": 58813,
            "localized_string": "http://www.ginatrapani.org/workshop/firefox/bettergcal/"
        }
    },
    {
        "pk": 90916,
        "model": "translations.translation",
        "fields": {
            "localized_string_clean": null,
            "created": "2007-07-08 13:49:43",
            "locale": "en-US",
            "modified": "2009-03-09 19:16:20",
            "id": 58814,
            "localized_string": "Better GCal"
        }
    },
    {
        "pk": 5299,
        "model": "addons.addon",
        "fields": {
            "dev_agreement": 1,
            "eula": null,
            "last_updated": "2008-07-07 12:08:01",
            "view_source": 0,
            "total_downloads": 198571,
            "developer_comments": null,
            "inactive": 0,
            "average_daily_downloads": 217,
            "show_beta": 1,
            "guid": "bettergcal@ginatrapani.org",
            "trusted": 0,
            "locale_disambiguation": null,
            "binary": 0,
            "the_future": null,
            "weekly_downloads": 551,
            "support_url": 340672,
            "paypal_id": "",
            "average_rating": "3.53",
            "wants_contributions": 0,
            "average_daily_users": 20083,
            "bayesian_rating": 3.7239300000000002,
            "share_count": 5,
            "get_satisfaction_company": null,
            "homepage": 58813,
            "support_email": 340671,
            "public_stats": 0,
            "status": 4,
            "privacy_policy": null,
            "description": 58812,
            "default_locale": "en-US",
            "target_locale": null,
            "prerelease": 0,
            "admin_review": 0,
            "external_software": 0,
            "highest_status": 4,
            "get_satisfaction_product": null,
            "name": 58814,
            "created": "2007-07-08 13:48:03",
            "type": 1,
            "icon_type": "image/png",
            "annoying": 0,
            "modified": "2010-02-09 19:51:24",
            "summary": 58815,
            "suggested_amount": null,
            "site_specific": 1,
            "total_reviews": 34,
            "the_reason": null,
            "nomination_date": "2009-03-09 19:16:22"
        }
    },
    {
        "pk": 78841,
        "model": "versions.version",
        "fields": {
            "license": 13,
            "created": "2009-09-18 12:33:23",
            "releasenotes": 560592,
            "approvalnotes": "Thanks for your time!",
            "modified": "2010-02-09 19:50:17",
            "version": "0.4",
            "addon": 5299
        }
    },
    {
        "pk": 64874,
        "model": "files.file",
        "fields": {
            "status": 7,
            "codereview": 0,
            "hash": "sha256:4395f9cf4934ecc8f22d367c2a301fd79613b68937c59e676e92e4f0a89a5b92",
            "created": "2009-09-18 12:33:25",
            "modified": "2010-02-09 19:50:16",
            "filename": "better_gcal-0.4-fx.xpi",
            "platform": 1,
            "version": 78841,
            "datestatuschanged": "2009-09-18 12:32:59",
            "size": 24
        }
    },
    {
        "pk": 29876,
        "model": "translations.translation",
        "fields": {
            "localized_string": "http://f22.aaa.livedoor.jp/~ptdb/firefox/theme.html",
            "created": "2007-03-07 22:34:07",
            "locale": "ja",
            "modified": "2010-01-03 22:27:06",
            "id": 15451,
            "localized_string_clean": null
        }
    },
    {
        "pk": 29866,
        "model": "translations.translation",
        "fields": {
            "localized_string": null,
            "created": "2007-03-07 22:34:07",
            "locale": "ja",
            "modified": "2008-05-17 22:14:50",
            "id": 15450,
            "localized_string_clean": null
        }
    },
    {
        "pk": 3723,
        "model": "addons.addon",
        "fields": {
            "dev_agreement": 0,
            "eula": null,
            "last_updated": "2010-01-03 21:26:09",
            "view_source": 0,
            "total_downloads": 418529,
            "developer_comments": 15453,
            "inactive": 1,
            "average_daily_downloads": 1511,
            "show_beta": 0,
            "guid": "{835A3F80-DF39-11D9-A0B5-000D0B3AEB26}",
            "trusted": 0,
            "locale_disambiguation": null,
            "binary": 0,
            "the_future": null,
            "weekly_downloads": 0,
            "support_url": null,
            "paypal_id": "",
            "average_rating": "0",
            "wants_contributions": 0,
            "average_daily_users": 21709,
            "bayesian_rating": 3.6789000000000001,
            "share_count": 0,
            "get_satisfaction_company": "",
            "homepage": 15451,
            "support_email": null,
            "public_stats": 0,
            "status": 6,
            "privacy_policy": null,
            "description": 15452,
            "default_locale": "ja",
            "target_locale": null,
            "prerelease": 0,
            "admin_review": 0,
            "external_software": 0,
            "highest_status": 4,
            "get_satisfaction_product": "",
            "name": 15450,
            "created": "2006-10-31 23:19:06",
            "type": 2,
            "icon_type": "",
            "annoying": 0,
            "modified": "2010-01-03 22:27:15",
            "summary": 15454,
            "suggested_amount": null,
            "site_specific": 0,
            "total_reviews": 2,
            "the_reason": null,
            "nomination_date": "2008-09-20 21:43:58"
        }
    },
    {
        "pk": 89774,
        "model": "versions.version",
        "fields": {
            "license": 5,
            "created": "2010-01-03 21:26:09",
            "releasenotes": null,
            "modified": "2010-01-03 22:13:50",
            "approvalnotes": null,
            "version": "0",
            "addon": 3723
        }
    }
]
