[
    {
        "pk": 9,
        "model": "addons.addontype",
        "fields": {
            "modified": "2009-10-20 21:58:03",
            "created": "2009-10-20 21:58:03"
        }
    },
    {
        "pk": 638212,
        "model": "translations.translation",
        "fields": {
            "locale": "en-US",
            "created": "2009-10-20 21:58:25",
            "localized_string": "Lady Gaga",
            "modified": null,
            "id": 590910
        }
    },
    {
        "pk": 1,
        "model": "applications.application",
        "fields": {
            "guid": "{ec8030f7-c20a-464f-9b0e-13a3a9e97384}",
            "modified": "2008-11-03 15:34:59",
            "created": "2007-03-05 13:09:26"
        }
    },
    {
        "pk": 15679,
        "model": "addons.addon",
        "fields": {
            "dev_agreement": 0,
            "last_updated": "2009-03-30 23:18:20",
            "average_daily_downloads": 0,
            "total_downloads": 0,
            "inactive": 0,
            "view_source": 0,
            "show_beta": 1,
            "guid": null,
            "trusted": 0,
            "binary": 0,
            "annoying": 0,
            "weekly_downloads": 0,
            "paypal_id": "",
            "wants_contributions": 0,
            "average_daily_users": 3661,
            "bayesian_rating": 0.0,
            "share_count": 0,
            "type": 9,
            "public_stats": 0,
            "status": 4,
            "default_locale": "en-US",
            "prerelease": 0,
            "admin_review": 0,
            "external_software": 0,
            "highest_status": 0,
            "name": 590910,
            "description": 590910,
            "created": "2009-03-30 23:18:20",
            "icon_type": "",
            "modified": "2009-03-30 23:18:20",
            "summary": null,
            "suggested_amount": null,
            "site_specific": 0,
            "total_reviews": 0,
            "the_reason": null,
            "nomination_date": null
        }
    },
    {
        "pk": 575,
        "model": "addons.persona",
        "fields": {
            "display_username": "ladygaga",
            "popularity": 8381,
            "footer": "Persona_Footer_UNI_GAGA_FINAL.jpg",
            "movers": -0.11117283254862,
            "author": "ladygaga",
            "submit": "2009-03-30 21:26:59",
            "accentcolor": "000000",
            "header": "Persona_Header_UNI_GAGA_FINAL_2.jpg",
            "textcolor": "ffffff",
            "approve": "2009-03-30 23:18:20",
            "persona_id": 830,
            "addon": 15679
        }
    },
    {
        "pk": 342,
        "model": "addons.feature",
        "fields": {
            "end": "2012-04-27 14:23:13",
            "application": 1,
            "locale": null,
            "created": "2009-10-27 14:23:13",
            "modified": "2009-10-27 14:23:13",
            "start": "2009-10-27 14:23:13",
            "addon": 15679
        }
    },
    {
        "pk": 1,
        "model": "addons.addontype",
        "fields": {
            "modified": "2009-02-06 08:42:28",
            "created": "2006-08-21 23:53:19"
        }
    },
    {
        "pk": 149351,
        "model": "translations.translation",
        "fields": {
            "locale": "en-US",
            "id": 113719,
            "localized_string": "QuickDrag",
            "modified": "2009-04-05 18:56:08",
            "created": "2008-04-02 13:57:44"
        }
    },
    {
        "pk": 197291,
        "model": "translations.translation",
        "fields": {
            "locale": "en-US",
            "id": 160423,
            "localized_string": "Read It Later",
            "modified": "2009-04-09 07:41:29",
            "created": "2008-06-19 05:50:15"
        }
    },
    {
        "pk": 20500,
        "model": "translations.translation",
        "fields": {
            "locale": "en-US",
            "id": 10435,
            "localized_string": "FoxyProxy Standard",
            "modified": "2009-10-18 18:36:02",
            "created": "2007-03-05 13:10:34"
        }
    },
    {
        "pk": 28013,
        "model": "translations.translation",
        "fields": {
            "locale": "en-US",
            "id": 14520,
            "localized_string": "Glue - Recommendations for Books/Movies/Music ",
            "modified": "2009-07-25 22:36:33",
            "created": "2007-03-05 13:10:42"
        }
    },
    {
        "pk": 6912,
        "model": "addons.addon",
        "fields": {
            "dev_agreement": 1,
            "last_updated": "2009-05-29 21:25:25",
            "view_source": 1,
            "total_downloads": 446919,
            "inactive": 0,
            "average_daily_downloads": 750,
            "show_beta": 1,
            "guid": "quickdrag@mozilla.ktechcomputing.com",
            "trusted": 0,
            "locale_disambiguation": null,
            "binary": 0,
            "the_future": null,
            "weekly_downloads": 16683,
            "paypal_id": "",
            "average_rating": "4.75",
            "wants_contributions": 0,
            "average_daily_users": 63492,
            "bayesian_rating": 4.6195899999999996,
            "share_count": 2,
            "get_satisfaction_company": null,
            "public_stats": 0,
            "status": 4,
            "default_locale": "en-US",
            "target_locale": null,
            "prerelease": 0,
            "admin_review": 0,
            "external_software": 0,
            "highest_status": 4,
            "get_satisfaction_product": null,
            "name": 113719,
            "created": "2008-04-02 13:53:41",
            "type": 1,
            "icon_type": "",
            "annoying": 0,
            "modified": "2009-05-07 13:52:26",
            "suggested_amount": null,
            "site_specific": 0,
            "total_reviews": 87,
            "the_reason": null,
            "nomination_date": "2009-04-05 18:56:10"
        }
    },
    {
        "pk": 7661,
        "model": "addons.addon",
        "fields": {
            "dev_agreement": 1,
            "_current_version": 88798,
            "last_updated": "2009-12-24 18:30:00",
            "view_source": 0,
            "total_downloads": 2069199,
            "developer_comments": null,
            "inactive": 0,
            "average_daily_downloads": 4002,
            "show_beta": 1,
            "guid": "isreaditlater@ideashower.com",
            "trusted": 1,
            "locale_disambiguation": null,
            "binary": 0,
            "weekly_downloads": 41099,
            "paypal_id": "acc@ideashower.com",
            "average_rating": "4.46",
            "wants_contributions": 1,
            "average_daily_users": 229702,
            "bayesian_rating": 4.41995,
            "share_count": 3,
            "get_satisfaction_company": null,
            "public_stats": 0,
            "status": 4,
            "default_locale": "en-US",
            "target_locale": null,
            "prerelease": 0,
            "admin_review": 0,
            "external_software": 0,
            "highest_status": 4,
            "get_satisfaction_product": null,
            "name": 160423,
            "description": 160423,
            "created": "2008-06-18 08:11:34",
            "type": 1,
            "icon_type": "image/png",
            "annoying": 1,
            "modified": "2009-10-20 08:25:58",
            "suggested_amount": "1",
            "site_specific": 0,
            "total_reviews": 185,
            "nomination_date": "2009-04-09 07:41:33"
        }
    },
    {
        "pk": 2464,
        "model": "addons.addon",
        "fields": {
            "dev_agreement": 1,
            "_current_version": 90952,
            "last_updated": "2010-01-12 20:50:11",
            "view_source": 0,
            "total_downloads": 6536054,
            "inactive": 0,
            "average_daily_downloads": 7487,
            "show_beta": 1,
            "guid": "foxyproxy@eric.h.jung",
            "trusted": 1,
            "locale_disambiguation": null,
            "binary": 0,
            "weekly_downloads": 98872,
            "paypal_id": "support@leahscape.com",
            "average_rating": "4.22",
            "wants_contributions": 1,
            "average_daily_users": 335767,
            "bayesian_rating": 4.1992000000000003,
            "share_count": 0,
            "get_satisfaction_company": null,
            "support_email": null,
            "public_stats": 0,
            "status": 4,
            "default_locale": "en-US",
            "target_locale": null,
            "prerelease": 0,
            "admin_review": 0,
            "external_software": 0,
            "highest_status": 4,
            "get_satisfaction_product": null,
            "name": 10435,
            "description": 10435,
            "created": "2006-04-26 13:40:54",
            "type": 1,
            "icon_type": "image/gif",
            "annoying": 3,
            "modified": "2009-11-14 16:12:16",
            "suggested_amount": "10.00",
            "site_specific": 0,
            "total_reviews": 147,
            "nomination_date": "2009-03-20 17:25:25"
        }
    },
    {
        "pk": 3481,
        "model": "addons.addon",
        "fields": {
            "dev_agreement": 1,
            "_current_version": 91189,
            "last_updated": "2010-01-14 11:39:32",
            "view_source": 0,
            "total_downloads": 2142245,
            "inactive": 0,
            "average_daily_downloads": 2477,
            "show_beta": 1,
            "guid": "{D2A6A719-7CBC-4594-85FD-C36AD881424F}",
            "trusted": 1,
            "locale_disambiguation": null,
            "binary": 0,
            "the_future": null,
            "weekly_downloads": 11066,
            "paypal_id": "",
            "average_rating": "4.57",
            "wants_contributions": 0,
            "average_daily_users": 81063,
            "bayesian_rating": 4.5274599999999996,
            "share_count": 1,
            "get_satisfaction_company": null,
            "public_stats": 0,
            "status": 4,
            "default_locale": "en-US",
            "target_locale": null,
            "prerelease": 0,
            "admin_review": 0,
            "external_software": 0,
            "highest_status": 4,
            "get_satisfaction_product": null,
            "name": 14520,
            "created": "2006-10-01 12:02:38",
            "type": 1,
            "icon_type": "image/jpeg",
            "annoying": 0,
            "modified": "2009-11-09 05:27:57",
            "suggested_amount": null,
            "site_specific": 0,
            "total_reviews": 224,
            "the_reason": null,
            "nomination_date": "2009-01-26 09:30:15"
        }
    },
    {
        "pk": 327,
        "model": "addons.feature",
        "fields": {
            "end": "2010-03-05 17:00:39",
            "start": "2009-09-05 17:00:39",
            "locale": null,
            "created": "2009-09-05 17:00:39",
            "modified": "2009-09-05 17:00:39",
            "application": 1,
            "addon": 6912
        }
    },
    {
        "pk": 326,
        "model": "addons.feature",
        "fields": {
            "end": "2020-03-05 17:00:23",
            "start": "2009-09-05 17:00:23",
            "locale": null,
            "created": "2009-09-05 17:00:23",
            "modified": "2009-09-05 17:00:23",
            "application": 1,
            "addon": 7661
        }
    },
    {
        "pk": 325,
        "model": "addons.feature",
        "fields": {
            "end": "2020-03-05 17:00:10",
            "start": "2009-09-05 17:00:10",
            "locale": null,
            "created": "2009-09-05 17:00:10",
            "modified": "2009-09-05 17:00:10",
            "application": 1,
            "addon": 2464
        }
    },
    {
        "pk": 302,
        "model": "addons.feature",
        "fields": {
            "end": "2009-12-10 08:39:55",
            "start": "2009-06-10 08:39:55",
            "locale": "en-US",
            "created": "2009-06-10 08:39:55",
            "modified": "2009-10-20 18:18:52",
            "application": 1,
            "addon": 3481
        }
    },
    {
        "pk": 497609,
        "model": "translations.translation",
        "fields": {
            "localized_string_clean": null,
            "created": "2009-07-02 07:18:10",
            "locale": "en-US",
            "modified": null,
            "id": 456704,
            "localized_string": "License Agreement"
        }
    },
    {
        "pk": 415464,
        "model": "translations.translation",
        "fields": {
            "localized_string_clean": null,
            "created": "2009-05-06 17:42:01",
            "locale": "en-US",
            "modified": "2009-05-06 17:44:57",
            "id": 377095,
            "localized_string": "What's Free/Open:"
        }
    },
    {
        "pk": 416387,
        "model": "translations.translation",
        "fields": {
            "localized_string_clean": null,
            "created": "2009-05-08 05:26:21",
            "locale": "en-US",
            "modified": null,
            "id": 377979,
            "localized_string": "Limon free English-Hebrew dictionary"
        }
    },
    {
        "pk": 345,
        "model": "versions.license",
        "fields": {
            "text": 456704,
            "modified": "2009-07-02 07:18:10",
            "created": "2009-07-02 07:18:10"
        }
    },
    {
        "pk": 13,
        "model": "versions.license",
        "fields": {
            "modified": "2009-05-01 05:00:44",
            "created": "2009-05-01 05:00:44"
        }
    },
    {
        "pk": 60,
        "model": "versions.license",
        "fields": {
            "text": 377095,
            "modified": "2009-05-06 17:42:02",
            "created": "2009-05-06 17:42:01"
        }
    },
    {
        "pk": 6,
        "model": "versions.license",
        "fields": {
            "modified": "2009-04-30 23:48:48",
            "created": "2009-04-30 23:48:48"
        }
    },
    {
        "pk": 11870,
        "model": "addons.addon",
        "fields": {
            "dev_agreement": 1,
            "eula": null,
            "_current_version": 68019,
            "last_updated": "2009-05-08 05:26:22",
            "view_source": 0,
            "total_downloads": 563,
            "developer_comments": null,
            "inactive": 0,
            "average_daily_downloads": 3,
            "show_beta": 1,
            "guid": "limon@mbd",
            "trusted": 0,
            "locale_disambiguation": null,
            "binary": 0,
            "the_future": null,
            "weekly_downloads": 4,
            "support_url": null,
            "paypal_id": "",
            "average_rating": "0",
            "wants_contributions": 0,
            "average_daily_users": 40,
            "bayesian_rating": 0.0,
            "share_count": 0,
            "get_satisfaction_company": null,
            "support_email": null,
            "public_stats": 0,
            "status": 1,
            "description": 377981,
            "default_locale": "en-US",
            "target_locale": null,
            "prerelease": 0,
            "admin_review": 0,
            "external_software": 0,
            "highest_status": 1,
            "get_satisfaction_product": null,
            "name": 377979,
            "created": "2009-05-08 05:26:21",
            "type": 1,
            "icon_type": "",
            "annoying": 0,
            "modified": "2009-05-13 18:19:30",
            "summary": 377980,
            "suggested_amount": null,
            "site_specific": 0,
            "total_reviews": 0,
            "the_reason": null,
            "nomination_date": "2009-05-08 05:49:11"
        }
    },
    {
        "pk": 1,
        "model": "files.platform",
        "fields": {
            "icontype": "",
            "modified": "2008-04-07 08:16:55",
            "created": "2007-03-05 13:09:27"
        }
    },
    {
        "pk": 91189,
        "model": "versions.version",
        "fields": {
            "license": 345,
            "created": "2010-01-14 11:39:40",
            "releasenotes": 758487,
            "approvalnotes": "",
            "modified": "2010-01-14 11:40:45",
            "version": "4.5.16",
            "addon": 3481
        }
    },
    {
        "pk": 90952,
        "model": "versions.version",
        "fields": {
            "license": 13,
            "created": "2010-01-12 20:50:20",
            "releasenotes": 756306,
            "approvalnotes": "",
            "modified": "2010-01-13 08:21:43",
            "version": "2.17",
            "addon": 2464
        }
    },
    {
        "pk": 90952,
        "model": "versions.applicationsversions",
        "fields": {
            "application": 1,
            "max": 282,
            "version": 90952,
            "min": 282
        }
    },
    {
        "pk": 88798,
        "model": "versions.version",
        "fields": {
            "license": 60,
            "created": "2009-12-24 18:30:07",
            "releasenotes": 733724,
            "approvalnotes": "",
            "modified": "2009-12-24 18:31:25",
            "version": "2.0.3",
            "addon": 7661
        }
    },
    {
        "pk": 88798,
        "model": "versions.applicationsversions",
        "fields": {
            "application": 1,
            "max": 282,
            "version": 88798,
            "min": 282
        }
    },
    {
        "pk": 68019,
        "model": "versions.version",
        "fields": {
            "license": 6,
            "created": "2009-05-08 05:26:21",
            "releasenotes": null,
            "approvalnotes": null,
            "modified": "2009-05-08 05:26:21",
            "version": "0.5.3",
            "addon": 11870
        }
    },
    {
        "pk": 75708,
        "model": "files.file",
        "fields": {
            "jetpack": 0,
            "status": 4,
            "codereview": 0,
            "hash": "sha256:f153612e10edab9f14267909f4aaa179ce368d47c128a1d3090d7bb4ff44c153",
            "created": "2010-01-14 11:39:41",
            "modified": "2010-01-14 11:40:45",
            "filename": "glue-4.5.16-fx.xpi",
            "platform": 1,
            "version": 91189,
            "datestatuschanged": "2010-01-14 11:39:32",
            "size": 161
        }
    },
    {
        "pk": 75488,
        "model": "files.file",
        "fields": {
            "jetpack": 0,
            "status": 4,
            "codereview": 0,
            "hash": "sha256:63296bbbc92c47c53052459c14a4b60b77bb31e0b85ebab2e0e3e68c5afe3369",
            "created": "2010-01-12 20:50:21",
            "modified": "2010-01-13 08:21:42",
            "filename": "foxyproxy_standard-2.17-fx+sm+tb.xpi",
            "platform": 1,
            "version": 90952,
            "datestatuschanged": "2010-01-12 20:50:11",
            "size": 579
        }
    },
    {
        "pk": 73703,
        "model": "files.file",
        "fields": {
            "jetpack": 0,
            "status": 4,
            "codereview": 0,
            "hash": "sha256:a0de832991d6cd499373e6181e62e18989213a22b31e2febe01cd641ba6193cd",
            "created": "2009-12-24 18:30:11",
            "modified": "2009-12-24 18:31:24",
            "filename": "read_it_later-2.0.3-fx.xpi",
            "platform": 1,
            "version": 88798,
            "datestatuschanged": "2009-12-24 18:30:00",
            "size": 169
        }
    },
    {
        "pk": 52775,
        "model": "files.file",
        "fields": {
            "jetpack": 0,
            "status": 1,
            "codereview": 0,
            "hash": "sha256:daa986b10ca0b72aabd1bfa07dbc2aa445a1bf1c887b74c883719348b074d6a7",
            "created": "2009-05-08 05:26:22",
            "modified": "2009-05-08 05:26:22",
            "filename": "limon_free_english-hebrew_dictionary-0.5.3-fx.xpi",
            "platform": 1,
            "version": 68019,
            "datestatuschanged": "2009-05-08 05:26:20",
            "size": 3
        }
    },
    {
        "pk": 1043,
        "model": "addons.appsupport",
        "fields": {
            "app": 1,
            "addon": 15679,
            "modified": "2010-10-01 22:09:39",
            "created": "2010-10-01 22:09:39"
        }
    },
    {
        "pk": 1042,
        "model": "addons.appsupport",
        "fields": {
            "app": 1,
            "addon": 7661,
            "modified": "2010-10-01 22:09:39",
            "created": "2010-10-01 22:09:39"
        }
    },
    {
        "pk": 1041,
        "model": "addons.appsupport",
        "fields": {
            "app": 1,
            "addon": 2464,
            "modified": "2010-10-01 22:09:39",
            "created": "2010-10-01 22:09:39"
        }
    }
]
